{
  "task_id": "BAL-02",
  "model_name": "LLaMA-13B",
  "d_model": 5120,
  "n_heads": 40,
  "n_layers": 40,
  "batch_size": 16,
  "seq_len": 1024,
  "phase": "prefill",
  "device_count": 4,
  "config_path": "configs/GA100.json",
  "total_latency_seconds": 0.01078409685673759,
  "dominant_bottleneck": "compute_bound",
  "peak_systolic_flops": 369623040000000.0,
  "peak_vector_flops": 92405760000000.0,
  "peak_hbm_bandwidth": 2048000000000.0,
  "ridge_point_systolic": 180.48,
  "ridge_point_vector": 45.12,
  "layer_report": {
    "layer_index": 0,
    "phase": "prefill",
    "total_latency_seconds": 0.01078409685673759,
    "dominant_bottleneck": "compute_bound",
    "compute_fraction": 0.6581835259744029,
    "memory_fraction": 0.341816474025597,
    "operator_reports": [
      {
        "operator_name": "qkv_proj",
        "latency_seconds": 0.0018059787234042553,
        "flop_count": 644245094400,
        "io_bytes": 668467200,
        "arithmetic_intensity": 963.7647058823529,
        "peak_compute_flops": 369623040000000.0,
        "peak_bandwidth_bytes": 2048000000000.0,
        "compute_utilization": 0.9651158680976898,
        "bandwidth_utilization": 0.18073302623673143,
        "bottleneck": "compute_bound",
        "compute_time": 0.0017429787234042554,
        "memory_time": 0.0003264
      },
      {
        "operator_name": "q_mul_k",
        "latency_seconds": 0.00013719858156028368,
        "flop_count": 42949672960,
        "io_bytes": 419430400,
        "arithmetic_intensity": 102.4,
        "peak_compute_flops": 369623040000000.0,
        "peak_bandwidth_bytes": 2048000000000.0,
        "compute_utilization": 0.8469371930731455,
        "bandwidth_utilization": 1.0,
        "bottleneck": "memory_bound",
        "compute_time": 0.00011619858156028368,
        "memory_time": 0.0002048
      },
      {
        "operator_name": "a_mul_v",
        "latency_seconds": 0.00013719858156028368,
        "flop_count": 42949672960,
        "io_bytes": 419430400,
        "arithmetic_intensity": 102.4,
        "peak_compute_flops": 369623040000000.0,
        "peak_bandwidth_bytes": 2048000000000.0,
        "compute_utilization": 0.8469371930731455,
        "bandwidth_utilization": 1.0,
        "bottleneck": "memory_bound",
        "compute_time": 0.00011619858156028368,
        "memory_time": 0.0002048
      },
      {
        "operator_name": "h_matmul0",
        "latency_seconds": 0.0006019929078014184,
        "flop_count": 214748364800,
        "io_bytes": 222822400,
        "arithmetic_intensity": 963.7647058823529,
        "peak_compute_flops": 369623040000000.0,
        "peak_bandwidth_bytes": 2048000000000.0,
        "compute_utilization": 0.9651158680976898,
        "bandwidth_utilization": 0.18073302623673143,
        "bottleneck": "compute_bound",
        "compute_time": 0.0005809929078014185,
        "memory_time": 0.0001088
      },
      {
        "operator_name": "h_matmul1",
        "latency_seconds": 0.002344971631205674,
        "flop_count": 858993459200,
        "io_bytes": 387973120,
        "arithmetic_intensity": 2214.054054054054,
        "peak_compute_flops": 369623040000000.0,
        "peak_bandwidth_bytes": 2048000000000.0,
        "compute_utilization": 0.9910446677816724,
        "bandwidth_utilization": 0.0807856254971404,
        "bottleneck": "compute_bound",
        "compute_time": 0.002323971631205674,
        "memory_time": 0.00018944
      },
      {
        "operator_name": "h_matmul2",
        "latency_seconds": 0.002344971631205674,
        "flop_count": 858993459200,
        "io_bytes": 387973120,
        "arithmetic_intensity": 2214.054054054054,
        "peak_compute_flops": 369623040000000.0,
        "peak_bandwidth_bytes": 2048000000000.0,
        "compute_utilization": 0.9910446677816724,
        "bandwidth_utilization": 0.0807856254971404,
        "bottleneck": "compute_bound",
        "compute_time": 0.002323971631205674,
        "memory_time": 0.00018944
      },
      {
        "operator_name": "softmax",
        "latency_seconds": 0.0005035199999999999,
        "flop_count": 18790481920,
        "io_bytes": 1006632960,
        "arithmetic_intensity": 18.666666666666668,
        "peak_compute_flops": 92405760000000.0,
        "peak_bandwidth_bytes": 2048000000000.0,
        "compute_utilization": 0.4038519179585647,
        "bandwidth_utilization": 0.9761677788369877,
        "bottleneck": "memory_bound",
        "compute_time": 0.00020334751773049646,
        "memory_time": 0.00049152
      },
      {
        "operator_name": "layernorm_0",
        "latency_seconds": 0.00020884,
        "flop_count": 587202560,
        "io_bytes": 335544320,
        "arithmetic_intensity": 1.75,
        "peak_compute_flops": 92405760000000.0,
        "peak_bandwidth_bytes": 2048000000000.0,
        "compute_utilization": 0.030428126456033395,
        "bandwidth_utilization": 0.784524037540701,
        "bottleneck": "memory_bound",
        "compute_time": 6.354609929078014e-06,
        "memory_time": 0.00016384
      },
      {
        "operator_name": "layernorm_1",
        "latency_seconds": 0.00020884,
        "flop_count": 587202560,
        "io_bytes": 335544320,
        "arithmetic_intensity": 1.75,
        "peak_compute_flops": 92405760000000.0,
        "peak_bandwidth_bytes": 2048000000000.0,
        "compute_utilization": 0.030428126456033395,
        "bandwidth_utilization": 0.784524037540701,
        "bottleneck": "memory_bound",
        "compute_time": 6.354609929078014e-06,
        "memory_time": 0.00016384
      },
      {
        "operator_name": "gelu",
        "latency_seconds": 0.00020884,
        "flop_count": 3774873600,
        "io_bytes": 335544320,
        "arithmetic_intensity": 11.25,
        "peak_compute_flops": 92405760000000.0,
        "peak_bandwidth_bytes": 2048000000000.0,
        "compute_utilization": 0.19560938436021466,
        "bandwidth_utilization": 0.784524037540701,
        "bottleneck": "memory_bound",
        "compute_time": 4.085106382978723e-05,
        "memory_time": 0.00016384
      },
      {
        "operator_name": "allreduce_mha",
        "latency_seconds": 0.0011408724,
        "flop_count": 0,
        "io_bytes": 167772160,
        "arithmetic_intensity": 0.0,
        "peak_compute_flops": 92405760000000.0,
        "peak_bandwidth_bytes": 2048000000000.0,
        "compute_utilization": 0.0,
        "bandwidth_utilization": 0.07180469963161525,
        "bottleneck": "memory_bound",
        "compute_time": 0.0,
        "memory_time": 8.192e-05
      },
      {
        "operator_name": "allreduce_ffn",
        "latency_seconds": 0.0011408724,
        "flop_count": 0,
        "io_bytes": 167772160,
        "arithmetic_intensity": 0.0,
        "peak_compute_flops": 92405760000000.0,
        "peak_bandwidth_bytes": 2048000000000.0,
        "compute_utilization": 0.0,
        "bandwidth_utilization": 0.07180469963161525,
        "bottleneck": "memory_bound",
        "compute_time": 0.0,
        "memory_time": 8.192e-05
      }
    ]
  }
}