{
  "task_id": "BAL-01",
  "model_name": "LLaMA-7B",
  "d_model": 4096,
  "n_heads": 32,
  "n_layers": 32,
  "batch_size": 4,
  "seq_len": 512,
  "phase": "decode",
  "device_count": 1,
  "config_path": "configs/GA100.json",
  "total_latency_seconds": 0.0004221205,
  "dominant_bottleneck": "memory_bound",
  "peak_systolic_flops": 369623040000000.0,
  "peak_vector_flops": 92405760000000.0,
  "peak_hbm_bandwidth": 2048000000000.0,
  "ridge_point_systolic": 180.48,
  "ridge_point_vector": 45.12,
  "layer_report": {
    "layer_index": 0,
    "phase": "decode",
    "total_latency_seconds": 0.0004221205,
    "dominant_bottleneck": "memory_bound",
    "compute_fraction": 0.0,
    "memory_fraction": 1.0,
    "operator_reports": [
      {
        "operator_name": "qkv_proj",
        "latency_seconds": 8.7624e-05,
        "flop_count": 402653184,
        "io_bytes": 100859904,
        "arithmetic_intensity": 3.992202729044834,
        "peak_compute_flops": 369623040000000.0,
        "peak_bandwidth_bytes": 2048000000000.0,
        "compute_utilization": 0.012432229778686885,
        "bandwidth_utilization": 0.562037797863599,
        "bottleneck": "memory_bound",
        "compute_time": 1.0893617021276596e-06,
        "memory_time": 4.9248e-05
      },
      {
        "operator_name": "q_mul_k",
        "latency_seconds": 2.51440625e-05,
        "flop_count": 16809984,
        "io_bytes": 16974080,
        "arithmetic_intensity": 0.9903325541060252,
        "peak_compute_flops": 369623040000000.0,
        "peak_bandwidth_bytes": 2048000000000.0,
        "compute_utilization": 0.001808726151720921,
        "bandwidth_utilization": 0.32962553286685475,
        "bottleneck": "memory_bound",
        "compute_time": 4.547872340425532e-08,
        "memory_time": 8.288125e-06
      },
      {
        "operator_name": "a_mul_v",
        "latency_seconds": 2.51440625e-05,
        "flop_count": 16809984,
        "io_bytes": 16974080,
        "arithmetic_intensity": 0.9903325541060252,
        "peak_compute_flops": 369623040000000.0,
        "peak_bandwidth_bytes": 2048000000000.0,
        "compute_utilization": 0.001808726151720921,
        "bandwidth_utilization": 0.32962553286685475,
        "bottleneck": "memory_bound",
        "compute_time": 4.547872340425532e-08,
        "memory_time": 8.288125e-06
      },
      {
        "operator_name": "h_matmul0",
        "latency_seconds": 2.9208e-05,
        "flop_count": 134217728,
        "io_bytes": 33619968,
        "arithmetic_intensity": 3.992202729044834,
        "peak_compute_flops": 369623040000000.0,
        "peak_bandwidth_bytes": 2048000000000.0,
        "compute_utilization": 0.012432229778686885,
        "bandwidth_utilization": 0.5620377978635991,
        "bottleneck": "memory_bound",
        "compute_time": 3.631205673758865e-07,
        "memory_time": 1.6416e-05
      },
      {
        "operator_name": "h_matmul1",
        "latency_seconds": 5.3808e-05,
        "flop_count": 536870912,
        "io_bytes": 134381568,
        "arithmetic_intensity": 3.995123140697391,
        "peak_compute_flops": 369623040000000.0,
        "peak_bandwidth_bytes": 2048000000000.0,
        "compute_utilization": 0.026993797753188116,
        "bandwidth_utilization": 1.0,
        "bottleneck": "memory_bound",
        "compute_time": 1.452482269503546e-06,
        "memory_time": 6.5616e-05
      },
      {
        "operator_name": "h_matmul2",
        "latency_seconds": 5.3808e-05,
        "flop_count": 536870912,
        "io_bytes": 134381568,
        "arithmetic_intensity": 3.995123140697391,
        "peak_compute_flops": 369623040000000.0,
        "peak_bandwidth_bytes": 2048000000000.0,
        "compute_utilization": 0.026993797753188116,
        "bandwidth_utilization": 1.0,
        "bottleneck": "memory_bound",
        "compute_time": 1.452482269503546e-06,
        "memory_time": 6.5616e-05
      },
      {
        "operator_name": "softmax",
        "latency_seconds": 1.2192375e-05,
        "flop_count": 7354368,
        "io_bytes": 393984,
        "arithmetic_intensity": 18.666666666666668,
        "peak_compute_flops": 92405760000000.0,
        "peak_bandwidth_bytes": 2048000000000.0,
        "compute_utilization": 0.006527667165539676,
        "bandwidth_utilization": 0.01577830406299019,
        "bottleneck": "memory_bound",
        "compute_time": 7.958776595744681e-08,
        "memory_time": 1.92375e-07
      },
      {
        "operator_name": "layernorm_0",
        "latency_seconds": 4.5032000000000005e-05,
        "flop_count": 114688,
        "io_bytes": 65536,
        "arithmetic_intensity": 1.75,
        "peak_compute_flops": 92405760000000.0,
        "peak_bandwidth_bytes": 2048000000000.0,
        "compute_utilization": 2.75611732051219e-05,
        "bandwidth_utilization": 0.0007106057914372002,
        "bottleneck": "memory_bound",
        "compute_time": 1.2411347517730495e-09,
        "memory_time": 3.2e-08
      },
      {
        "operator_name": "layernorm_1",
        "latency_seconds": 4.5032000000000005e-05,
        "flop_count": 114688,
        "io_bytes": 65536,
        "arithmetic_intensity": 1.75,
        "peak_compute_flops": 92405760000000.0,
        "peak_bandwidth_bytes": 2048000000000.0,
        "compute_utilization": 2.75611732051219e-05,
        "bandwidth_utilization": 0.0007106057914372002,
        "bottleneck": "memory_bound",
        "compute_time": 1.2411347517730495e-09,
        "memory_time": 3.2e-08
      },
      {
        "operator_name": "gelu",
        "latency_seconds": 4.5128000000000006e-05,
        "flop_count": 2949120,
        "io_bytes": 262144,
        "arithmetic_intensity": 11.25,
        "peak_compute_flops": 92405760000000.0,
        "peak_bandwidth_bytes": 2048000000000.0,
        "compute_utilization": 0.000707208243596465,
        "bandwidth_utilization": 0.0028363765289842226,
        "bottleneck": "memory_bound",
        "compute_time": 3.191489361702128e-08,
        "memory_time": 1.28e-07
      },
      {
        "operator_name": "allreduce_mha",
        "latency_seconds": 0.0,
        "flop_count": 0,
        "io_bytes": 0,
        "arithmetic_intensity": Infinity,
        "peak_compute_flops": 92405760000000.0,
        "peak_bandwidth_bytes": 2048000000000.0,
        "compute_utilization": 0.0,
        "bandwidth_utilization": 0.0,
        "bottleneck": "memory_bound",
        "compute_time": 0.0,
        "memory_time": 0.0
      },
      {
        "operator_name": "allreduce_ffn",
        "latency_seconds": 0.0,
        "flop_count": 0,
        "io_bytes": 0,
        "arithmetic_intensity": Infinity,
        "peak_compute_flops": 92405760000000.0,
        "peak_bandwidth_bytes": 2048000000000.0,
        "compute_utilization": 0.0,
        "bandwidth_utilization": 0.0,
        "bottleneck": "memory_bound",
        "compute_time": 0.0,
        "memory_time": 0.0
      }
    ]
  }
}