{
  "task_id": "CB-02",
  "model_name": "GPT-3 175B",
  "d_model": 12288,
  "n_heads": 96,
  "n_layers": 96,
  "batch_size": 32,
  "seq_len": 2048,
  "phase": "prefill",
  "device_count": 8,
  "config_path": "configs/GA100.json",
  "total_latency_seconds": 0.11172787287375886,
  "dominant_bottleneck": "compute_bound",
  "peak_systolic_flops": 369623040000000.0,
  "peak_vector_flops": 92405760000000.0,
  "peak_hbm_bandwidth": 2048000000000.0,
  "ridge_point_systolic": 180.48,
  "ridge_point_vector": 45.12,
  "layer_report": {
    "layer_index": 0,
    "phase": "prefill",
    "total_latency_seconds": 0.11172787287375886,
    "dominant_bottleneck": "compute_bound",
    "compute_fraction": 0.7199855998812391,
    "memory_fraction": 0.280014400118761,
    "operator_reports": [
      {
        "operator_name": "qkv_proj",
        "latency_seconds": 0.020142114893617023,
        "flop_count": 7421703487488,
        "io_bytes": 5549064192,
        "arithmetic_intensity": 1337.469387755102,
        "peak_compute_flops": 369623040000000.0,
        "peak_bandwidth_bytes": 2048000000000.0,
        "compute_utilization": 0.9968722251693657,
        "bandwidth_utilization": 0.13451933991592085,
        "bottleneck": "compute_bound",
        "compute_time": 0.020079114893617023,
        "memory_time": 0.002709504
      },
      {
        "operator_name": "q_mul_k",
        "latency_seconds": 0.0011365063829787234,
        "flop_count": 412316860416,
        "io_bytes": 3623878656,
        "arithmetic_intensity": 113.77777777777777,
        "peak_compute_flops": 369623040000000.0,
        "peak_bandwidth_bytes": 2048000000000.0,
        "compute_utilization": 0.9815223211109821,
        "bandwidth_utilization": 1.0,
        "bottleneck": "memory_bound",
        "compute_time": 0.0011155063829787234,
        "memory_time": 0.001769472
      },
      {
        "operator_name": "a_mul_v",
        "latency_seconds": 0.0011365063829787234,
        "flop_count": 412316860416,
        "io_bytes": 3623878656,
        "arithmetic_intensity": 113.77777777777777,
        "peak_compute_flops": 369623040000000.0,
        "peak_bandwidth_bytes": 2048000000000.0,
        "compute_utilization": 0.9815223211109821,
        "bandwidth_utilization": 1.0,
        "bottleneck": "memory_bound",
        "compute_time": 0.0011155063829787234,
        "memory_time": 0.001769472
      },
      {
        "operator_name": "h_matmul0",
        "latency_seconds": 0.006714038297872341,
        "flop_count": 2473901162496,
        "io_bytes": 1849688064,
        "arithmetic_intensity": 1337.469387755102,
        "peak_compute_flops": 369623040000000.0,
        "peak_bandwidth_bytes": 2048000000000.0,
        "compute_utilization": 0.9968722251693657,
        "bandwidth_utilization": 0.13451933991592083,
        "bottleneck": "compute_bound",
        "compute_time": 0.006693038297872341,
        "memory_time": 0.000903168
      },
      {
        "operator_name": "h_matmul1",
        "latency_seconds": 0.026793153191489363,
        "flop_count": 9895604649984,
        "io_bytes": 2566914048,
        "arithmetic_intensity": 3855.0588235294117,
        "peak_compute_flops": 369623040000000.0,
        "peak_bandwidth_bytes": 2048000000000.0,
        "compute_utilization": 0.9992162176713613,
        "bandwidth_utilization": 0.04677971237809088,
        "bottleneck": "compute_bound",
        "compute_time": 0.026772153191489362,
        "memory_time": 0.001253376
      },
      {
        "operator_name": "h_matmul2",
        "latency_seconds": 0.026793153191489363,
        "flop_count": 9895604649984,
        "io_bytes": 2566914048,
        "arithmetic_intensity": 3855.0588235294117,
        "peak_compute_flops": 369623040000000.0,
        "peak_bandwidth_bytes": 2048000000000.0,
        "compute_utilization": 0.9992162176713613,
        "bandwidth_utilization": 0.04677971237809088,
        "bottleneck": "compute_bound",
        "compute_time": 0.026772153191489362,
        "memory_time": 0.001253376
      },
      {
        "operator_name": "softmax",
        "latency_seconds": 0.004730592,
        "flop_count": 180388626432,
        "io_bytes": 9663676416,
        "arithmetic_intensity": 18.666666666666668,
        "peak_compute_flops": 92405760000000.0,
        "peak_bandwidth_bytes": 2048000000000.0,
        "compute_utilization": 0.41266212985875045,
        "bandwidth_utilization": 0.9974633196014369,
        "bottleneck": "memory_bound",
        "compute_time": 0.001952136170212766,
        "memory_time": 0.004718592
      },
      {
        "operator_name": "layernorm_0",
        "latency_seconds": 0.0016178639999999999,
        "flop_count": 5637144576,
        "io_bytes": 3221225472,
        "arithmetic_intensity": 1.75,
        "peak_compute_flops": 92405760000000.0,
        "peak_bandwidth_bytes": 2048000000000.0,
        "compute_utilization": 0.03770666466350011,
        "bandwidth_utilization": 0.9721855483526428,
        "bottleneck": "memory_bound",
        "compute_time": 6.1004255319148935e-05,
        "memory_time": 0.001572864
      },
      {
        "operator_name": "layernorm_1",
        "latency_seconds": 0.0016178639999999999,
        "flop_count": 5637144576,
        "io_bytes": 3221225472,
        "arithmetic_intensity": 1.75,
        "peak_compute_flops": 92405760000000.0,
        "peak_bandwidth_bytes": 2048000000000.0,
        "compute_utilization": 0.03770666466350011,
        "bandwidth_utilization": 0.9721855483526428,
        "bottleneck": "memory_bound",
        "compute_time": 6.1004255319148935e-05,
        "memory_time": 0.001572864
      },
      {
        "operator_name": "gelu",
        "latency_seconds": 0.000831432,
        "flop_count": 18119393280,
        "io_bytes": 1610612736,
        "arithmetic_intensity": 11.25,
        "peak_compute_flops": 92405760000000.0,
        "peak_bandwidth_bytes": 2048000000000.0,
        "compute_utilization": 0.23584022070713986,
        "bandwidth_utilization": 0.9458765118494357,
        "bottleneck": "memory_bound",
        "compute_time": 0.0001960851063829787,
        "memory_time": 0.000786432
      },
      {
        "operator_name": "allreduce_mha",
        "latency_seconds": 0.010107324266666667,
        "flop_count": 0,
        "io_bytes": 1610612736,
        "arithmetic_intensity": 0.0,
        "peak_compute_flops": 92405760000000.0,
        "peak_bandwidth_bytes": 2048000000000.0,
        "compute_utilization": 0.0,
        "bandwidth_utilization": 0.07780812995122798,
        "bottleneck": "memory_bound",
        "compute_time": 0.0,
        "memory_time": 0.000786432
      },
      {
        "operator_name": "allreduce_ffn",
        "latency_seconds": 0.010107324266666667,
        "flop_count": 0,
        "io_bytes": 1610612736,
        "arithmetic_intensity": 0.0,
        "peak_compute_flops": 92405760000000.0,
        "peak_bandwidth_bytes": 2048000000000.0,
        "compute_utilization": 0.0,
        "bandwidth_utilization": 0.07780812995122798,
        "bottleneck": "memory_bound",
        "compute_time": 0.0,
        "memory_time": 0.000786432
      }
    ]
  }
}