{
  "task_id": "CB-03",
  "model_name": "LLaMA-7B",
  "d_model": 4096,
  "n_heads": 32,
  "n_layers": 32,
  "batch_size": 32,
  "seq_len": 256,
  "phase": "prefill",
  "device_count": 1,
  "config_path": "configs/GA100.json",
  "total_latency_seconds": 0.009959947063829787,
  "dominant_bottleneck": "compute_bound",
  "peak_systolic_flops": 369623040000000.0,
  "peak_vector_flops": 92405760000000.0,
  "peak_hbm_bandwidth": 2048000000000.0,
  "ridge_point_systolic": 180.48,
  "ridge_point_vector": 45.12,
  "layer_report": {
    "layer_index": 0,
    "phase": "prefill",
    "total_latency_seconds": 0.009959947063829787,
    "dominant_bottleneck": "compute_bound",
    "compute_fraction": 0.9086444943764462,
    "memory_fraction": 0.09135550562355377,
    "operator_reports": [
      {
        "operator_name": "qkv_proj",
        "latency_seconds": 0.0022940127659574466,
        "flop_count": 824633720832,
        "io_bytes": 503316480,
        "arithmetic_intensity": 1638.4,
        "peak_compute_flops": 369623040000000.0,
        "peak_bandwidth_bytes": 2048000000000.0,
        "compute_utilization": 0.9725372060108368,
        "bandwidth_utilization": 0.10713105159963124,
        "bottleneck": "compute_bound",
        "compute_time": 0.002231012765957447,
        "memory_time": 0.00024576
      },
      {
        "operator_name": "q_mul_k",
        "latency_seconds": 8.6536e-05,
        "flop_count": 17179869184,
        "io_bytes": 268435456,
        "arithmetic_intensity": 64.0,
        "peak_compute_flops": 369623040000000.0,
        "peak_bandwidth_bytes": 2048000000000.0,
        "compute_utilization": 0.5371109437010432,
        "bandwidth_utilization": 1.0,
        "bottleneck": "memory_bound",
        "compute_time": 4.6479432624113474e-05,
        "memory_time": 0.000131072
      },
      {
        "operator_name": "a_mul_v",
        "latency_seconds": 8.6536e-05,
        "flop_count": 17179869184,
        "io_bytes": 268435456,
        "arithmetic_intensity": 64.0,
        "peak_compute_flops": 369623040000000.0,
        "peak_bandwidth_bytes": 2048000000000.0,
        "compute_utilization": 0.5371109437010432,
        "bandwidth_utilization": 1.0,
        "bottleneck": "memory_bound",
        "compute_time": 4.6479432624113474e-05,
        "memory_time": 0.000131072
      },
      {
        "operator_name": "h_matmul0",
        "latency_seconds": 0.0007646709219858156,
        "flop_count": 274877906944,
        "io_bytes": 167772160,
        "arithmetic_intensity": 1638.4,
        "peak_compute_flops": 369623040000000.0,
        "peak_bandwidth_bytes": 2048000000000.0,
        "compute_utilization": 0.9725372060108367,
        "bandwidth_utilization": 0.10713105159963124,
        "bottleneck": "compute_bound",
        "compute_time": 0.0007436709219858156,
        "memory_time": 8.192e-05
      },
      {
        "operator_name": "h_matmul1",
        "latency_seconds": 0.0029956836879432625,
        "flop_count": 1099511627776,
        "io_bytes": 469762048,
        "arithmetic_intensity": 2340.5714285714284,
        "peak_compute_flops": 369623040000000.0,
        "peak_bandwidth_bytes": 2048000000000.0,
        "compute_utilization": 0.9929899140938948,
        "bandwidth_utilization": 0.07656883165708392,
        "bottleneck": "compute_bound",
        "compute_time": 0.0029746836879432624,
        "memory_time": 0.000229376
      },
      {
        "operator_name": "h_matmul2",
        "latency_seconds": 0.0029956836879432625,
        "flop_count": 1099511627776,
        "io_bytes": 469762048,
        "arithmetic_intensity": 2340.5714285714284,
        "peak_compute_flops": 369623040000000.0,
        "peak_bandwidth_bytes": 2048000000000.0,
        "compute_utilization": 0.9929899140938948,
        "bandwidth_utilization": 0.07656883165708392,
        "bottleneck": "compute_bound",
        "compute_time": 0.0029746836879432624,
        "memory_time": 0.000229376
      },
      {
        "operator_name": "softmax",
        "latency_seconds": 0.000208608,
        "flop_count": 7516192768,
        "io_bytes": 402653184,
        "arithmetic_intensity": 18.666666666666668,
        "peak_compute_flops": 92405760000000.0,
        "peak_bandwidth_bytes": 2048000000000.0,
        "compute_utilization": 0.3899131725159082,
        "bandwidth_utilization": 0.9424758398527382,
        "bottleneck": "memory_bound",
        "compute_time": 8.133900709219857e-05,
        "memory_time": 0.000196608
      },
      {
        "operator_name": "layernorm_0",
        "latency_seconds": 0.000110536,
        "flop_count": 234881024,
        "io_bytes": 134217728,
        "arithmetic_intensity": 1.75,
        "peak_compute_flops": 92405760000000.0,
        "peak_bandwidth_bytes": 2048000000000.0,
        "compute_utilization": 0.02299562107938776,
        "bandwidth_utilization": 0.5928928132011291,
        "bottleneck": "memory_bound",
        "compute_time": 2.5418439716312055e-06,
        "memory_time": 6.5536e-05
      },
      {
        "operator_name": "layernorm_1",
        "latency_seconds": 0.000110536,
        "flop_count": 234881024,
        "io_bytes": 134217728,
        "arithmetic_intensity": 1.75,
        "peak_compute_flops": 92405760000000.0,
        "peak_bandwidth_bytes": 2048000000000.0,
        "compute_utilization": 0.02299562107938776,
        "bandwidth_utilization": 0.5928928132011291,
        "bottleneck": "memory_bound",
        "compute_time": 2.5418439716312055e-06,
        "memory_time": 6.5536e-05
      },
      {
        "operator_name": "gelu",
        "latency_seconds": 0.000307144,
        "flop_count": 6039797760,
        "io_bytes": 536870912,
        "arithmetic_intensity": 11.25,
        "peak_compute_flops": 92405760000000.0,
        "peak_bandwidth_bytes": 2048000000000.0,
        "compute_utilization": 0.2128047499793568,
        "bandwidth_utilization": 0.8534889172505404,
        "bottleneck": "memory_bound",
        "compute_time": 6.536170212765957e-05,
        "memory_time": 0.000262144
      },
      {
        "operator_name": "allreduce_mha",
        "latency_seconds": 0.0,
        "flop_count": 0,
        "io_bytes": 0,
        "arithmetic_intensity": Infinity,
        "peak_compute_flops": 92405760000000.0,
        "peak_bandwidth_bytes": 2048000000000.0,
        "compute_utilization": 0.0,
        "bandwidth_utilization": 0.0,
        "bottleneck": "memory_bound",
        "compute_time": 0.0,
        "memory_time": 0.0
      },
      {
        "operator_name": "allreduce_ffn",
        "latency_seconds": 0.0,
        "flop_count": 0,
        "io_bytes": 0,
        "arithmetic_intensity": Infinity,
        "peak_compute_flops": 92405760000000.0,
        "peak_bandwidth_bytes": 2048000000000.0,
        "compute_utilization": 0.0,
        "bandwidth_utilization": 0.0,
        "bottleneck": "memory_bound",
        "compute_time": 0.0,
        "memory_time": 0.0
      }
    ]
  }
}