{
  "task_id": "CB-01",
  "model_name": "LLaMA-70B",
  "d_model": 8192,
  "n_heads": 64,
  "n_layers": 80,
  "batch_size": 32,
  "seq_len": 1024,
  "phase": "prefill",
  "device_count": 4,
  "config_path": "configs/GA100.json",
  "total_latency_seconds": 0.04708444077730497,
  "dominant_bottleneck": "compute_bound",
  "peak_systolic_flops": 369623040000000.0,
  "peak_vector_flops": 92405760000000.0,
  "peak_hbm_bandwidth": 2048000000000.0,
  "ridge_point_systolic": 180.48,
  "ridge_point_vector": 45.12,
  "layer_report": {
    "layer_index": 0,
    "phase": "prefill",
    "total_latency_seconds": 0.04708444077730497,
    "dominant_bottleneck": "compute_bound",
    "compute_fraction": 0.7608076821969117,
    "memory_fraction": 0.23919231780308822,
    "operator_reports": [
      {
        "operator_name": "qkv_proj",
        "latency_seconds": 0.008987051063829788,
        "flop_count": 3298534883328,
        "io_bytes": 2113929216,
        "arithmetic_intensity": 1560.3809523809523,
        "peak_compute_flops": 369623040000000.0,
        "peak_bandwidth_bytes": 2048000000000.0,
        "compute_utilization": 0.9929899140938948,
        "bandwidth_utilization": 0.11485324748562588,
        "bottleneck": "compute_bound",
        "compute_time": 0.008924051063829787,
        "memory_time": 0.001032192
      },
      {
        "operator_name": "q_mul_k",
        "latency_seconds": 0.0003928354609929078,
        "flop_count": 137438953472,
        "io_bytes": 1342177280,
        "arithmetic_intensity": 102.4,
        "peak_compute_flops": 369623040000000.0,
        "peak_bandwidth_bytes": 2048000000000.0,
        "compute_utilization": 0.9465425042155775,
        "bandwidth_utilization": 1.0,
        "bottleneck": "memory_bound",
        "compute_time": 0.0003718354609929078,
        "memory_time": 0.00065536
      },
      {
        "operator_name": "a_mul_v",
        "latency_seconds": 0.0003928354609929078,
        "flop_count": 137438953472,
        "io_bytes": 1342177280,
        "arithmetic_intensity": 102.4,
        "peak_compute_flops": 369623040000000.0,
        "peak_bandwidth_bytes": 2048000000000.0,
        "compute_utilization": 0.9465425042155775,
        "bandwidth_utilization": 1.0,
        "bottleneck": "memory_bound",
        "compute_time": 0.0003718354609929078,
        "memory_time": 0.00065536
      },
      {
        "operator_name": "h_matmul0",
        "latency_seconds": 0.0029956836879432625,
        "flop_count": 1099511627776,
        "io_bytes": 704643072,
        "arithmetic_intensity": 1560.3809523809523,
        "peak_compute_flops": 369623040000000.0,
        "peak_bandwidth_bytes": 2048000000000.0,
        "compute_utilization": 0.9929899140938948,
        "bandwidth_utilization": 0.11485324748562588,
        "bottleneck": "compute_bound",
        "compute_time": 0.0029746836879432624,
        "memory_time": 0.000344064
      },
      {
        "operator_name": "h_matmul1",
        "latency_seconds": 0.01191973475177305,
        "flop_count": 4398046511104,
        "io_bytes": 1207959552,
        "arithmetic_intensity": 3640.8888888888887,
        "peak_compute_flops": 369623040000000.0,
        "peak_bandwidth_bytes": 2048000000000.0,
        "compute_utilization": 0.9982382158296873,
        "bandwidth_utilization": 0.049482980308120046,
        "bottleneck": "compute_bound",
        "compute_time": 0.01189873475177305,
        "memory_time": 0.000589824
      },
      {
        "operator_name": "h_matmul2",
        "latency_seconds": 0.01191973475177305,
        "flop_count": 4398046511104,
        "io_bytes": 1207959552,
        "arithmetic_intensity": 3640.8888888888887,
        "peak_compute_flops": 369623040000000.0,
        "peak_bandwidth_bytes": 2048000000000.0,
        "compute_utilization": 0.9982382158296873,
        "bandwidth_utilization": 0.049482980308120046,
        "bottleneck": "compute_bound",
        "compute_time": 0.01189873475177305,
        "memory_time": 0.000589824
      },
      {
        "operator_name": "softmax",
        "latency_seconds": 0.001584864,
        "flop_count": 60129542144,
        "io_bytes": 3221225472,
        "arithmetic_intensity": 18.666666666666668,
        "peak_compute_flops": 92405760000000.0,
        "peak_bandwidth_bytes": 2048000000000.0,
        "compute_utilization": 0.4105791138782814,
        "bandwidth_utilization": 0.9924283724029317,
        "bottleneck": "memory_bound",
        "compute_time": 0.0006507120567375886,
        "memory_time": 0.001572864
      },
      {
        "operator_name": "layernorm_0",
        "latency_seconds": 0.000569288,
        "flop_count": 1879048192,
        "io_bytes": 1073741824,
        "arithmetic_intensity": 1.75,
        "peak_compute_flops": 92405760000000.0,
        "peak_bandwidth_bytes": 2048000000000.0,
        "compute_utilization": 0.03571962130424257,
        "bandwidth_utilization": 0.9209538932842427,
        "bottleneck": "memory_bound",
        "compute_time": 2.0334751773049644e-05,
        "memory_time": 0.000524288
      },
      {
        "operator_name": "layernorm_1",
        "latency_seconds": 0.000569288,
        "flop_count": 1879048192,
        "io_bytes": 1073741824,
        "arithmetic_intensity": 1.75,
        "peak_compute_flops": 92405760000000.0,
        "peak_bandwidth_bytes": 2048000000000.0,
        "compute_utilization": 0.03571962130424257,
        "bandwidth_utilization": 0.9209538932842427,
        "bottleneck": "memory_bound",
        "compute_time": 2.0334751773049644e-05,
        "memory_time": 0.000524288
      },
      {
        "operator_name": "gelu",
        "latency_seconds": 0.000569288,
        "flop_count": 12079595520,
        "io_bytes": 1073741824,
        "arithmetic_intensity": 11.25,
        "peak_compute_flops": 92405760000000.0,
        "peak_bandwidth_bytes": 2048000000000.0,
        "compute_utilization": 0.22962613695584508,
        "bandwidth_utilization": 0.9209538932842427,
        "bottleneck": "memory_bound",
        "compute_time": 0.00013072340425531915,
        "memory_time": 0.000524288
      },
      {
        "operator_name": "allreduce_mha",
        "latency_seconds": 0.0035919188,
        "flop_count": 0,
        "io_bytes": 536870912,
        "arithmetic_intensity": 0.0,
        "peak_compute_flops": 92405760000000.0,
        "peak_bandwidth_bytes": 2048000000000.0,
        "compute_utilization": 0.0,
        "bandwidth_utilization": 0.07298160526345975,
        "bottleneck": "memory_bound",
        "compute_time": 0.0,
        "memory_time": 0.000262144
      },
      {
        "operator_name": "allreduce_ffn",
        "latency_seconds": 0.0035919188,
        "flop_count": 0,
        "io_bytes": 536870912,
        "arithmetic_intensity": 0.0,
        "peak_compute_flops": 92405760000000.0,
        "peak_bandwidth_bytes": 2048000000000.0,
        "compute_utilization": 0.0,
        "bandwidth_utilization": 0.07298160526345975,
        "bottleneck": "memory_bound",
        "compute_time": 0.0,
        "memory_time": 0.000262144
      }
    ]
  }
}