{
  "task_id": "IC-01",
  "model_name": "GPT-3 175B",
  "d_model": 12288,
  "n_heads": 96,
  "n_layers": 96,
  "batch_size": 1,
  "seq_len": 512,
  "phase": "decode",
  "device_count": 8,
  "config_path": "configs/GA100.json",
  "total_latency_seconds": 0.0006765581802083333,
  "dominant_bottleneck": "memory_bound",
  "peak_systolic_flops": 369623040000000.0,
  "peak_vector_flops": 92405760000000.0,
  "peak_hbm_bandwidth": 2048000000000.0,
  "ridge_point_systolic": 180.48,
  "ridge_point_vector": 45.12,
  "layer_report": {
    "layer_index": 0,
    "phase": "decode",
    "total_latency_seconds": 0.0006765581802083333,
    "dominant_bottleneck": "memory_bound",
    "compute_fraction": 0.0,
    "memory_fraction": 1.0,
    "operator_reports": [
      {
        "operator_name": "qkv_proj",
        "latency_seconds": 9.066825e-05,
        "flop_count": 113246208,
        "io_bytes": 113329152,
        "arithmetic_intensity": 0.9992681141741888,
        "peak_compute_flops": 369623040000000.0,
        "peak_bandwidth_bytes": 2048000000000.0,
        "compute_utilization": 0.003379165018883725,
        "bandwidth_utilization": 0.6103183859840683,
        "bottleneck": "memory_bound",
        "compute_time": 3.063829787234043e-07,
        "memory_time": 5.53365e-05
      },
      {
        "operator_name": "q_mul_k",
        "latency_seconds": 2.1388505859374997e-05,
        "flop_count": 1575936,
        "io_bytes": 1591320,
        "arithmetic_intensity": 0.9903325541060252,
        "peak_compute_flops": 369623040000000.0,
        "peak_bandwidth_bytes": 2048000000000.0,
        "compute_utilization": 0.00019934213016942017,
        "bandwidth_utilization": 0.03632847118254503,
        "bottleneck": "memory_bound",
        "compute_time": 4.2636303191489365e-09,
        "memory_time": 7.7701171875e-07
      },
      {
        "operator_name": "a_mul_v",
        "latency_seconds": 2.1388505859374997e-05,
        "flop_count": 1575936,
        "io_bytes": 1591320,
        "arithmetic_intensity": 0.9903325541060252,
        "peak_compute_flops": 369623040000000.0,
        "peak_bandwidth_bytes": 2048000000000.0,
        "compute_utilization": 0.00019934213016942017,
        "bandwidth_utilization": 0.03632847118254503,
        "bottleneck": "memory_bound",
        "compute_time": 4.2636303191489365e-09,
        "memory_time": 7.7701171875e-07
      },
      {
        "operator_name": "h_matmul0",
        "latency_seconds": 3.022275e-05,
        "flop_count": 37748736,
        "io_bytes": 37776384,
        "arithmetic_intensity": 0.9992681141741888,
        "peak_compute_flops": 369623040000000.0,
        "peak_bandwidth_bytes": 2048000000000.0,
        "compute_utilization": 0.0033791650188837244,
        "bandwidth_utilization": 0.6103183859840683,
        "bottleneck": "memory_bound",
        "compute_time": 1.0212765957446809e-07,
        "memory_time": 1.84455e-05
      },
      {
        "operator_name": "h_matmul1",
        "latency_seconds": 5.787299999999999e-05,
        "flop_count": 150994944,
        "io_bytes": 151031808,
        "arithmetic_intensity": 0.9997559189650964,
        "peak_compute_flops": 369623040000000.0,
        "peak_bandwidth_bytes": 2048000000000.0,
        "compute_utilization": 0.007058743080501657,
        "bandwidth_utilization": 1.0,
        "bottleneck": "memory_bound",
        "compute_time": 4.0851063829787235e-07,
        "memory_time": 7.3746e-05
      },
      {
        "operator_name": "h_matmul2",
        "latency_seconds": 5.787299999999999e-05,
        "flop_count": 150994944,
        "io_bytes": 151031808,
        "arithmetic_intensity": 0.9997559189650964,
        "peak_compute_flops": 369623040000000.0,
        "peak_bandwidth_bytes": 2048000000000.0,
        "compute_utilization": 0.007058743080501657,
        "bandwidth_utilization": 1.0,
        "bottleneck": "memory_bound",
        "compute_time": 4.0851063829787235e-07,
        "memory_time": 7.3746e-05
      },
      {
        "operator_name": "softmax",
        "latency_seconds": 1.2018035156250001e-05,
        "flop_count": 689472,
        "io_bytes": 36936,
        "arithmetic_intensity": 18.666666666666668,
        "peak_compute_flops": 92405760000000.0,
        "peak_bandwidth_bytes": 2048000000000.0,
        "compute_utilization": 0.0006208463331570759,
        "bandwidth_utilization": 0.0015006742795739606,
        "bottleneck": "memory_bound",
        "compute_time": 7.461353058510639e-09,
        "memory_time": 1.803515625e-08
      },
      {
        "operator_name": "layernorm_0",
        "latency_seconds": 4.5024e-05,
        "flop_count": 86016,
        "io_bytes": 49152,
        "arithmetic_intensity": 1.75,
        "peak_compute_flops": 92405760000000.0,
        "peak_bandwidth_bytes": 2048000000000.0,
        "compute_utilization": 2.067455276807452e-05,
        "bandwidth_utilization": 0.0005330490405117271,
        "bottleneck": "memory_bound",
        "compute_time": 9.308510638297872e-10,
        "memory_time": 2.4e-08
      },
      {
        "operator_name": "layernorm_1",
        "latency_seconds": 4.5024e-05,
        "flop_count": 86016,
        "io_bytes": 49152,
        "arithmetic_intensity": 1.75,
        "peak_compute_flops": 92405760000000.0,
        "peak_bandwidth_bytes": 2048000000000.0,
        "compute_utilization": 2.067455276807452e-05,
        "bandwidth_utilization": 0.0005330490405117271,
        "bottleneck": "memory_bound",
        "compute_time": 9.308510638297872e-10,
        "memory_time": 2.4e-08
      },
      {
        "operator_name": "gelu",
        "latency_seconds": 4.5012e-05,
        "flop_count": 276480,
        "io_bytes": 24576,
        "arithmetic_intensity": 11.25,
        "peak_compute_flops": 92405760000000.0,
        "peak_bandwidth_bytes": 2048000000000.0,
        "compute_utilization": 6.647163593254564e-05,
        "bandwidth_utilization": 0.00026659557451346307,
        "bottleneck": "memory_bound",
        "compute_time": 2.9920212765957445e-09,
        "memory_time": 1.2e-08
      },
      {
        "operator_name": "allreduce_mha",
        "latency_seconds": 0.00012503306666666666,
        "flop_count": 0,
        "io_bytes": 24576,
        "arithmetic_intensity": 0.0,
        "peak_compute_flops": 92405760000000.0,
        "peak_bandwidth_bytes": 2048000000000.0,
        "compute_utilization": 0.0,
        "bandwidth_utilization": 9.597461151610028e-05,
        "bottleneck": "memory_bound",
        "compute_time": 0.0,
        "memory_time": 1.2e-08
      },
      {
        "operator_name": "allreduce_ffn",
        "latency_seconds": 0.00012503306666666666,
        "flop_count": 0,
        "io_bytes": 24576,
        "arithmetic_intensity": 0.0,
        "peak_compute_flops": 92405760000000.0,
        "peak_bandwidth_bytes": 2048000000000.0,
        "compute_utilization": 0.0,
        "bandwidth_utilization": 9.597461151610028e-05,
        "bottleneck": "memory_bound",
        "compute_time": 0.0,
        "memory_time": 1.2e-08
      }
    ]
  }
}