{
  "task_id": "IC-02",
  "model_name": "GPT-3 175B",
  "d_model": 12288,
  "n_heads": 96,
  "n_layers": 96,
  "batch_size": 1,
  "seq_len": 512,
  "phase": "decode",
  "device_count": 4,
  "config_path": "configs/GA100.json",
  "total_latency_seconds": 0.0005917472937499999,
  "dominant_bottleneck": "memory_bound",
  "peak_systolic_flops": 369623040000000.0,
  "peak_vector_flops": 92405760000000.0,
  "peak_hbm_bandwidth": 2048000000000.0,
  "ridge_point_systolic": 180.48,
  "ridge_point_vector": 45.12,
  "layer_report": {
    "layer_index": 0,
    "phase": "decode",
    "total_latency_seconds": 0.0005917472937499999,
    "dominant_bottleneck": "memory_bound",
    "compute_fraction": 0.0,
    "memory_fraction": 1.0,
    "operator_reports": [
      {
        "operator_name": "qkv_proj",
        "latency_seconds": 0.00011831849999999998,
        "flop_count": 226492416,
        "io_bytes": 226584576,
        "arithmetic_intensity": 0.9995932644594485,
        "peak_compute_flops": 369623040000000.0,
        "peak_bandwidth_bytes": 2048000000000.0,
        "compute_utilization": 0.0051789530584550065,
        "bandwidth_utilization": 0.9350777773551898,
        "bottleneck": "memory_bound",
        "compute_time": 6.127659574468086e-07,
        "memory_time": 0.000110637
      },
      {
        "operator_name": "q_mul_k",
        "latency_seconds": 2.177701171875e-05,
        "flop_count": 3151872,
        "io_bytes": 3182640,
        "arithmetic_intensity": 0.9903325541060252,
        "peak_compute_flops": 369623040000000.0,
        "peak_bandwidth_bytes": 2048000000000.0,
        "compute_utilization": 0.0003915716604476042,
        "bandwidth_utilization": 0.07136072926672425,
        "bottleneck": "memory_bound",
        "compute_time": 8.527260638297873e-09,
        "memory_time": 1.5540234375e-06
      },
      {
        "operator_name": "a_mul_v",
        "latency_seconds": 2.177701171875e-05,
        "flop_count": 3151872,
        "io_bytes": 3182640,
        "arithmetic_intensity": 0.9903325541060252,
        "peak_compute_flops": 369623040000000.0,
        "peak_bandwidth_bytes": 2048000000000.0,
        "compute_utilization": 0.0003915716604476042,
        "bandwidth_utilization": 0.07136072926672425,
        "bottleneck": "memory_bound",
        "compute_time": 8.527260638297873e-09,
        "memory_time": 1.5540234375e-06
      },
      {
        "operator_name": "h_matmul0",
        "latency_seconds": 3.9439499999999994e-05,
        "flop_count": 75497472,
        "io_bytes": 75528192,
        "arithmetic_intensity": 0.9995932644594485,
        "peak_compute_flops": 369623040000000.0,
        "peak_bandwidth_bytes": 2048000000000.0,
        "compute_utilization": 0.005178953058455006,
        "bandwidth_utilization": 0.9350777773551897,
        "bottleneck": "memory_bound",
        "compute_time": 2.0425531914893618e-07,
        "memory_time": 3.6879e-05
      },
      {
        "operator_name": "h_matmul1",
        "latency_seconds": 9.473999999999999e-05,
        "flop_count": 301989888,
        "io_bytes": 302039040,
        "arithmetic_intensity": 0.9998372660699756,
        "peak_compute_flops": 369623040000000.0,
        "peak_bandwidth_bytes": 2048000000000.0,
        "compute_utilization": 0.008623826014310162,
        "bandwidth_utilization": 1.0,
        "bottleneck": "memory_bound",
        "compute_time": 8.170212765957447e-07,
        "memory_time": 0.00014748
      },
      {
        "operator_name": "h_matmul2",
        "latency_seconds": 9.473999999999999e-05,
        "flop_count": 301989888,
        "io_bytes": 302039040,
        "arithmetic_intensity": 0.9998372660699756,
        "peak_compute_flops": 369623040000000.0,
        "peak_bandwidth_bytes": 2048000000000.0,
        "compute_utilization": 0.008623826014310162,
        "bandwidth_utilization": 1.0,
        "bottleneck": "memory_bound",
        "compute_time": 8.170212765957447e-07,
        "memory_time": 0.00014748
      },
      {
        "operator_name": "softmax",
        "latency_seconds": 1.20360703125e-05,
        "flop_count": 1378944,
        "io_bytes": 73872,
        "arithmetic_intensity": 18.666666666666668,
        "peak_compute_flops": 92405760000000.0,
        "peak_bandwidth_bytes": 2048000000000.0,
        "compute_utilization": 0.0012398320821974077,
        "bandwidth_utilization": 0.0029968512615400193,
        "bottleneck": "memory_bound",
        "compute_time": 1.4922706117021277e-08,
        "memory_time": 3.60703125e-08
      },
      {
        "operator_name": "layernorm_0",
        "latency_seconds": 4.5024e-05,
        "flop_count": 86016,
        "io_bytes": 49152,
        "arithmetic_intensity": 1.75,
        "peak_compute_flops": 92405760000000.0,
        "peak_bandwidth_bytes": 2048000000000.0,
        "compute_utilization": 2.067455276807452e-05,
        "bandwidth_utilization": 0.0005330490405117271,
        "bottleneck": "memory_bound",
        "compute_time": 9.308510638297872e-10,
        "memory_time": 2.4e-08
      },
      {
        "operator_name": "layernorm_1",
        "latency_seconds": 4.5024e-05,
        "flop_count": 86016,
        "io_bytes": 49152,
        "arithmetic_intensity": 1.75,
        "peak_compute_flops": 92405760000000.0,
        "peak_bandwidth_bytes": 2048000000000.0,
        "compute_utilization": 2.067455276807452e-05,
        "bandwidth_utilization": 0.0005330490405117271,
        "bottleneck": "memory_bound",
        "compute_time": 9.308510638297872e-10,
        "memory_time": 2.4e-08
      },
      {
        "operator_name": "gelu",
        "latency_seconds": 4.5024e-05,
        "flop_count": 552960,
        "io_bytes": 49152,
        "arithmetic_intensity": 11.25,
        "peak_compute_flops": 92405760000000.0,
        "peak_bandwidth_bytes": 2048000000000.0,
        "compute_utilization": 0.0001329078392233362,
        "bandwidth_utilization": 0.0005330490405117271,
        "bottleneck": "memory_bound",
        "compute_time": 5.984042553191489e-09,
        "memory_time": 2.4e-08
      },
      {
        "operator_name": "allreduce_mha",
        "latency_seconds": 2.6923599999999997e-05,
        "flop_count": 0,
        "io_bytes": 24576,
        "arithmetic_intensity": 0.0,
        "peak_compute_flops": 92405760000000.0,
        "peak_bandwidth_bytes": 2048000000000.0,
        "compute_utilization": 0.0,
        "bandwidth_utilization": 0.00044570562629068925,
        "bottleneck": "memory_bound",
        "compute_time": 0.0,
        "memory_time": 1.2e-08
      },
      {
        "operator_name": "allreduce_ffn",
        "latency_seconds": 2.6923599999999997e-05,
        "flop_count": 0,
        "io_bytes": 24576,
        "arithmetic_intensity": 0.0,
        "peak_compute_flops": 92405760000000.0,
        "peak_bandwidth_bytes": 2048000000000.0,
        "compute_utilization": 0.0,
        "bandwidth_utilization": 0.00044570562629068925,
        "bottleneck": "memory_bound",
        "compute_time": 0.0,
        "memory_time": 1.2e-08
      }
    ]
  }
}