{
  "task_id": "LC-02",
  "model_name": "LLaMA-70B",
  "d_model": 8192,
  "n_heads": 64,
  "n_layers": 80,
  "batch_size": 4,
  "seq_len": 4096,
  "phase": "decode",
  "device_count": 4,
  "config_path": "configs/GA100.json",
  "total_latency_seconds": 0.00050183945,
  "dominant_bottleneck": "memory_bound",
  "peak_systolic_flops": 369623040000000.0,
  "peak_vector_flops": 92405760000000.0,
  "peak_hbm_bandwidth": 2048000000000.0,
  "ridge_point_systolic": 180.48,
  "ridge_point_vector": 45.12,
  "layer_report": {
    "layer_index": 0,
    "phase": "decode",
    "total_latency_seconds": 0.00050183945,
    "dominant_bottleneck": "memory_bound",
    "compute_fraction": 0.0,
    "memory_fraction": 1.0,
    "operator_reports": [
      {
        "operator_name": "qkv_proj",
        "latency_seconds": 8.763599999999999e-05,
        "flop_count": 402653184,
        "io_bytes": 100909056,
        "arithmetic_intensity": 3.990258158792012,
        "peak_compute_flops": 369623040000000.0,
        "peak_bandwidth_bytes": 2048000000000.0,
        "compute_utilization": 0.012430527433105798,
        "bandwidth_utilization": 0.5622346980692867,
        "bottleneck": "memory_bound",
        "compute_time": 1.0893617021276596e-06,
        "memory_time": 4.9272e-05
      },
      {
        "operator_name": "q_mul_k",
        "latency_seconds": 3.7520031250000004e-05,
        "flop_count": 67125248,
        "io_bytes": 67666048,
        "arithmetic_intensity": 0.9920078087019357,
        "peak_compute_flops": 369623040000000.0,
        "peak_bandwidth_bytes": 2048000000000.0,
        "compute_utilization": 0.004840204122406694,
        "bandwidth_utilization": 0.8805979472631702,
        "bottleneck": "memory_bound",
        "compute_time": 1.8160460992907802e-07,
        "memory_time": 3.30400625e-05
      },
      {
        "operator_name": "a_mul_v",
        "latency_seconds": 3.7520031250000004e-05,
        "flop_count": 67125248,
        "io_bytes": 67666048,
        "arithmetic_intensity": 0.9920078087019357,
        "peak_compute_flops": 369623040000000.0,
        "peak_bandwidth_bytes": 2048000000000.0,
        "compute_utilization": 0.004840204122406694,
        "bandwidth_utilization": 0.8805979472631702,
        "bottleneck": "memory_bound",
        "compute_time": 1.8160460992907802e-07,
        "memory_time": 3.30400625e-05
      },
      {
        "operator_name": "h_matmul0",
        "latency_seconds": 2.9211999999999997e-05,
        "flop_count": 134217728,
        "io_bytes": 33636352,
        "arithmetic_intensity": 3.990258158792012,
        "peak_compute_flops": 369623040000000.0,
        "peak_bandwidth_bytes": 2048000000000.0,
        "compute_utilization": 0.012430527433105798,
        "bandwidth_utilization": 0.5622346980692867,
        "bottleneck": "memory_bound",
        "compute_time": 3.631205673758865e-07,
        "memory_time": 1.6424e-05
      },
      {
        "operator_name": "h_matmul1",
        "latency_seconds": 5.379999999999999e-05,
        "flop_count": 536870912,
        "io_bytes": 134348800,
        "arithmetic_intensity": 3.9960975609756098,
        "peak_compute_flops": 369623040000000.0,
        "peak_bandwidth_bytes": 2048000000000.0,
        "compute_utilization": 0.02699781170080941,
        "bandwidth_utilization": 1.0,
        "bottleneck": "memory_bound",
        "compute_time": 1.452482269503546e-06,
        "memory_time": 6.56e-05
      },
      {
        "operator_name": "h_matmul2",
        "latency_seconds": 5.379999999999999e-05,
        "flop_count": 536870912,
        "io_bytes": 134348800,
        "arithmetic_intensity": 3.9960975609756098,
        "peak_compute_flops": 369623040000000.0,
        "peak_bandwidth_bytes": 2048000000000.0,
        "compute_utilization": 0.02699781170080941,
        "bandwidth_utilization": 1.0,
        "bottleneck": "memory_bound",
        "compute_time": 1.452482269503546e-06,
        "memory_time": 6.56e-05
      },
      {
        "operator_name": "softmax",
        "latency_seconds": 1.27681875e-05,
        "flop_count": 29367296,
        "io_bytes": 1573248,
        "arithmetic_intensity": 18.666666666666668,
        "peak_compute_flops": 92405760000000.0,
        "peak_bandwidth_bytes": 2048000000000.0,
        "compute_utilization": 0.02489061719808599,
        "bandwidth_utilization": 0.0601641775702307,
        "bottleneck": "memory_bound",
        "compute_time": 3.1780806737588653e-07,
        "memory_time": 7.681875e-07
      },
      {
        "operator_name": "layernorm_0",
        "latency_seconds": 4.5064e-05,
        "flop_count": 229376,
        "io_bytes": 131072,
        "arithmetic_intensity": 1.75,
        "peak_compute_flops": 92405760000000.0,
        "peak_bandwidth_bytes": 2048000000000.0,
        "compute_utilization": 5.5083203966494296e-05,
        "bandwidth_utilization": 0.0014202023788389847,
        "bottleneck": "memory_bound",
        "compute_time": 2.482269503546099e-09,
        "memory_time": 6.4e-08
      },
      {
        "operator_name": "layernorm_1",
        "latency_seconds": 4.5064e-05,
        "flop_count": 229376,
        "io_bytes": 131072,
        "arithmetic_intensity": 1.75,
        "peak_compute_flops": 92405760000000.0,
        "peak_bandwidth_bytes": 2048000000000.0,
        "compute_utilization": 5.5083203966494296e-05,
        "bandwidth_utilization": 0.0014202023788389847,
        "bottleneck": "memory_bound",
        "compute_time": 2.482269503546099e-09,
        "memory_time": 6.4e-08
      },
      {
        "operator_name": "gelu",
        "latency_seconds": 4.5064e-05,
        "flop_count": 1474560,
        "io_bytes": 131072,
        "arithmetic_intensity": 11.25,
        "peak_compute_flops": 92405760000000.0,
        "peak_bandwidth_bytes": 2048000000000.0,
        "compute_utilization": 0.00035410631121317765,
        "bandwidth_utilization": 0.0014202023788389847,
        "bottleneck": "memory_bound",
        "compute_time": 1.595744680851064e-08,
        "memory_time": 6.4e-08
      },
      {
        "operator_name": "allreduce_mha",
        "latency_seconds": 2.7195599999999994e-05,
        "flop_count": 0,
        "io_bytes": 65536,
        "arithmetic_intensity": 0.0,
        "peak_compute_flops": 92405760000000.0,
        "peak_bandwidth_bytes": 2048000000000.0,
        "compute_utilization": 0.0,
        "bandwidth_utilization": 0.001176660930444631,
        "bottleneck": "memory_bound",
        "compute_time": 0.0,
        "memory_time": 3.2e-08
      },
      {
        "operator_name": "allreduce_ffn",
        "latency_seconds": 2.7195599999999994e-05,
        "flop_count": 0,
        "io_bytes": 65536,
        "arithmetic_intensity": 0.0,
        "peak_compute_flops": 92405760000000.0,
        "peak_bandwidth_bytes": 2048000000000.0,
        "compute_utilization": 0.0,
        "bandwidth_utilization": 0.001176660930444631,
        "bottleneck": "memory_bound",
        "compute_time": 0.0,
        "memory_time": 3.2e-08
      }
    ]
  }
}