{
  "task_id": "LC-03",
  "model_name": "LLaMA-13B",
  "d_model": 5120,
  "n_heads": 40,
  "n_layers": 40,
  "batch_size": 1,
  "seq_len": 8192,
  "phase": "prefill",
  "device_count": 4,
  "config_path": "configs/GA100.json",
  "total_latency_seconds": 0.008110018899290779,
  "dominant_bottleneck": "balanced",
  "peak_systolic_flops": 369623040000000.0,
  "peak_vector_flops": 92405760000000.0,
  "peak_hbm_bandwidth": 2048000000000.0,
  "ridge_point_systolic": 180.48,
  "ridge_point_vector": 45.12,
  "layer_report": {
    "layer_index": 0,
    "phase": "prefill",
    "total_latency_seconds": 0.008110018899290779,
    "dominant_bottleneck": "balanced",
    "compute_fraction": 0.44536979403640803,
    "memory_fraction": 0.554630205963592,
    "operator_reports": [
      {
        "operator_name": "qkv_proj",
        "latency_seconds": 0.0009344893617021278,
        "flop_count": 322122547200,
        "io_bytes": 353894400,
        "arithmetic_intensity": 910.2222222222222,
        "peak_compute_flops": 369623040000000.0,
        "peak_bandwidth_bytes": 2048000000000.0,
        "compute_utilization": 0.9325835021971265,
        "bandwidth_utilization": 0.18491382254502398,
        "bottleneck": "compute_bound",
        "compute_time": 0.0008714893617021277,
        "memory_time": 0.0001728
      },
      {
        "operator_name": "q_mul_k",
        "latency_seconds": 0.00048579432624113475,
        "flop_count": 171798691840,
        "io_bytes": 1384120320,
        "arithmetic_intensity": 124.12121212121212,
        "peak_compute_flops": 369623040000000.0,
        "peak_bandwidth_bytes": 2048000000000.0,
        "compute_utilization": 0.9567718294231864,
        "bandwidth_utilization": 1.0,
        "bottleneck": "memory_bound",
        "compute_time": 0.00046479432624113473,
        "memory_time": 0.00067584
      },
      {
        "operator_name": "a_mul_v",
        "latency_seconds": 0.00048579432624113475,
        "flop_count": 171798691840,
        "io_bytes": 1384120320,
        "arithmetic_intensity": 124.12121212121212,
        "peak_compute_flops": 369623040000000.0,
        "peak_bandwidth_bytes": 2048000000000.0,
        "compute_utilization": 0.9567718294231864,
        "bandwidth_utilization": 1.0,
        "bottleneck": "memory_bound",
        "compute_time": 0.00046479432624113473,
        "memory_time": 0.00067584
      },
      {
        "operator_name": "h_matmul0",
        "latency_seconds": 0.00031149645390070926,
        "flop_count": 107374182400,
        "io_bytes": 117964800,
        "arithmetic_intensity": 910.2222222222222,
        "peak_compute_flops": 369623040000000.0,
        "peak_bandwidth_bytes": 2048000000000.0,
        "compute_utilization": 0.9325835021971266,
        "bandwidth_utilization": 0.184913822545024,
        "bottleneck": "compute_bound",
        "compute_time": 0.00029049645390070923,
        "memory_time": 5.76e-05
      },
      {
        "operator_name": "h_matmul1",
        "latency_seconds": 0.001182985815602837,
        "flop_count": 429496729600,
        "io_bytes": 220200960,
        "arithmetic_intensity": 1950.4761904761904,
        "peak_compute_flops": 369623040000000.0,
        "peak_bandwidth_bytes": 2048000000000.0,
        "compute_utilization": 0.9822483078638617,
        "bandwidth_utilization": 0.09088866373702796,
        "bottleneck": "compute_bound",
        "compute_time": 0.001161985815602837,
        "memory_time": 0.00010752
      },
      {
        "operator_name": "h_matmul2",
        "latency_seconds": 0.001182985815602837,
        "flop_count": 429496729600,
        "io_bytes": 220200960,
        "arithmetic_intensity": 1950.4761904761904,
        "peak_compute_flops": 369623040000000.0,
        "peak_bandwidth_bytes": 2048000000000.0,
        "compute_utilization": 0.9822483078638617,
        "bandwidth_utilization": 0.09088866373702796,
        "bottleneck": "compute_bound",
        "compute_time": 0.001161985815602837,
        "memory_time": 0.00010752
      },
      {
        "operator_name": "softmax",
        "latency_seconds": 0.0019780799999999997,
        "flop_count": 75161927680,
        "io_bytes": 4026531840,
        "arithmetic_intensity": 18.666666666666668,
        "peak_compute_flops": 92405760000000.0,
        "peak_bandwidth_bytes": 2048000000000.0,
        "compute_utilization": 0.41120180726865746,
        "bandwidth_utilization": 0.9939335112836691,
        "bottleneck": "memory_bound",
        "compute_time": 0.0008133900709219858,
        "memory_time": 0.00196608
      },
      {
        "operator_name": "layernorm_0",
        "latency_seconds": 0.00012692,
        "flop_count": 293601280,
        "io_bytes": 167772160,
        "arithmetic_intensity": 1.75,
        "peak_compute_flops": 92405760000000.0,
        "peak_bandwidth_bytes": 2048000000000.0,
        "compute_utilization": 0.025033918724700652,
        "bandwidth_utilization": 0.6454459502048534,
        "bottleneck": "memory_bound",
        "compute_time": 3.177304964539007e-06,
        "memory_time": 8.192e-05
      },
      {
        "operator_name": "layernorm_1",
        "latency_seconds": 0.00012692,
        "flop_count": 293601280,
        "io_bytes": 167772160,
        "arithmetic_intensity": 1.75,
        "peak_compute_flops": 92405760000000.0,
        "peak_bandwidth_bytes": 2048000000000.0,
        "compute_utilization": 0.025033918724700652,
        "bandwidth_utilization": 0.6454459502048534,
        "bottleneck": "memory_bound",
        "compute_time": 3.177304964539007e-06,
        "memory_time": 8.192e-05
      },
      {
        "operator_name": "gelu",
        "latency_seconds": 0.00012692,
        "flop_count": 1887436800,
        "io_bytes": 167772160,
        "arithmetic_intensity": 11.25,
        "peak_compute_flops": 92405760000000.0,
        "peak_bandwidth_bytes": 2048000000000.0,
        "compute_utilization": 0.1609323346587899,
        "bandwidth_utilization": 0.6454459502048534,
        "bottleneck": "memory_bound",
        "compute_time": 2.0425531914893616e-05,
        "memory_time": 8.192e-05
      },
      {
        "operator_name": "allreduce_mha",
        "latency_seconds": 0.0005838163999999999,
        "flop_count": 0,
        "io_bytes": 83886080,
        "arithmetic_intensity": 0.0,
        "peak_compute_flops": 92405760000000.0,
        "peak_bandwidth_bytes": 2048000000000.0,
        "compute_utilization": 0.0,
        "bandwidth_utilization": 0.07015904315123728,
        "bottleneck": "memory_bound",
        "compute_time": 0.0,
        "memory_time": 4.096e-05
      },
      {
        "operator_name": "allreduce_ffn",
        "latency_seconds": 0.0005838163999999999,
        "flop_count": 0,
        "io_bytes": 83886080,
        "arithmetic_intensity": 0.0,
        "peak_compute_flops": 92405760000000.0,
        "peak_bandwidth_bytes": 2048000000000.0,
        "compute_utilization": 0.0,
        "bandwidth_utilization": 0.07015904315123728,
        "bottleneck": "memory_bound",
        "compute_time": 0.0,
        "memory_time": 4.096e-05
      }
    ]
  }
}