{
  "task_id": "MB-01",
  "model_name": "LLaMA-7B",
  "d_model": 4096,
  "n_heads": 32,
  "n_layers": 32,
  "batch_size": 1,
  "seq_len": 128,
  "phase": "decode",
  "device_count": 1,
  "config_path": "configs/GA100.json",
  "total_latency_seconds": 0.000413924125,
  "dominant_bottleneck": "memory_bound",
  "peak_systolic_flops": 369623040000000.0,
  "peak_vector_flops": 92405760000000.0,
  "peak_hbm_bandwidth": 2048000000000.0,
  "ridge_point_systolic": 180.48,
  "ridge_point_vector": 45.12,
  "layer_report": {
    "layer_index": 0,
    "phase": "decode",
    "total_latency_seconds": 0.000413924125,
    "dominant_bottleneck": "memory_bound",
    "compute_fraction": 0.0,
    "memory_fraction": 1.0,
    "operator_reports": [
      {
        "operator_name": "qkv_proj",
        "latency_seconds": 8.7588e-05,
        "flop_count": 100663296,
        "io_bytes": 100712448,
        "arithmetic_intensity": 0.9995119570522206,
        "peak_compute_flops": 369623040000000.0,
        "peak_bandwidth_bytes": 2048000000000.0,
        "compute_utilization": 0.0031093349035474596,
        "bandwidth_utilization": 0.5614467735306206,
        "bottleneck": "memory_bound",
        "compute_time": 2.723404255319149e-07,
        "memory_time": 4.9176e-05
      },
      {
        "operator_name": "q_mul_k",
        "latency_seconds": 2.1262015625e-05,
        "flop_count": 1056768,
        "io_bytes": 1073216,
        "arithmetic_intensity": 0.9846741010197388,
        "peak_compute_flops": 369623040000000.0,
        "peak_bandwidth_bytes": 2048000000000.0,
        "compute_utilization": 0.00013446714571264875,
        "bandwidth_utilization": 0.024646358051954448,
        "bottleneck": "memory_bound",
        "compute_time": 2.8590425531914895e-09,
        "memory_time": 5.2403125e-07
      },
      {
        "operator_name": "a_mul_v",
        "latency_seconds": 2.1262015625e-05,
        "flop_count": 1056768,
        "io_bytes": 1073216,
        "arithmetic_intensity": 0.9846741010197388,
        "peak_compute_flops": 369623040000000.0,
        "peak_bandwidth_bytes": 2048000000000.0,
        "compute_utilization": 0.00013446714571264875,
        "bandwidth_utilization": 0.024646358051954448,
        "bottleneck": "memory_bound",
        "compute_time": 2.8590425531914895e-09,
        "memory_time": 5.2403125e-07
      },
      {
        "operator_name": "h_matmul0",
        "latency_seconds": 2.9196e-05,
        "flop_count": 33554432,
        "io_bytes": 33570816,
        "arithmetic_intensity": 0.9995119570522206,
        "peak_compute_flops": 369623040000000.0,
        "peak_bandwidth_bytes": 2048000000000.0,
        "compute_utilization": 0.0031093349035474596,
        "bandwidth_utilization": 0.5614467735306207,
        "bottleneck": "memory_bound",
        "compute_time": 9.078014184397163e-08,
        "memory_time": 1.6392e-05
      },
      {
        "operator_name": "h_matmul1",
        "latency_seconds": 5.3778e-05,
        "flop_count": 134217728,
        "io_bytes": 134258688,
        "arithmetic_intensity": 0.9996949173225944,
        "peak_compute_flops": 369623040000000.0,
        "peak_bandwidth_bytes": 2048000000000.0,
        "compute_utilization": 0.006752214053625767,
        "bandwidth_utilization": 1.0,
        "bottleneck": "memory_bound",
        "compute_time": 3.631205673758865e-07,
        "memory_time": 6.5556e-05
      },
      {
        "operator_name": "h_matmul2",
        "latency_seconds": 5.3778e-05,
        "flop_count": 134217728,
        "io_bytes": 134258688,
        "arithmetic_intensity": 0.9996949173225944,
        "peak_compute_flops": 369623040000000.0,
        "peak_bandwidth_bytes": 2048000000000.0,
        "compute_utilization": 0.006752214053625767,
        "bandwidth_utilization": 1.0,
        "bottleneck": "memory_bound",
        "compute_time": 3.631205673758865e-07,
        "memory_time": 6.5556e-05
      },
      {
        "operator_name": "softmax",
        "latency_seconds": 1.2012093750000001e-05,
        "flop_count": 462336,
        "io_bytes": 24768,
        "arithmetic_intensity": 18.666666666666668,
        "peak_compute_flops": 92405760000000.0,
        "peak_bandwidth_bytes": 2048000000000.0,
        "compute_utilization": 0.00041652392765292114,
        "bandwidth_utilization": 0.0010067978365553465,
        "bottleneck": "memory_bound",
        "compute_time": 5.0033244680851066e-09,
        "memory_time": 1.209375e-08
      },
      {
        "operator_name": "layernorm_0",
        "latency_seconds": 4.5008e-05,
        "flop_count": 28672,
        "io_bytes": 16384,
        "arithmetic_intensity": 1.75,
        "peak_compute_flops": 92405760000000.0,
        "peak_bandwidth_bytes": 2048000000000.0,
        "compute_utilization": 6.893967471188731e-06,
        "bandwidth_utilization": 0.0001777461784571632,
        "bottleneck": "memory_bound",
        "compute_time": 3.102836879432624e-10,
        "memory_time": 8e-09
      },
      {
        "operator_name": "layernorm_1",
        "latency_seconds": 4.5008e-05,
        "flop_count": 28672,
        "io_bytes": 16384,
        "arithmetic_intensity": 1.75,
        "peak_compute_flops": 92405760000000.0,
        "peak_bandwidth_bytes": 2048000000000.0,
        "compute_utilization": 6.893967471188731e-06,
        "bandwidth_utilization": 0.0001777461784571632,
        "bottleneck": "memory_bound",
        "compute_time": 3.102836879432624e-10,
        "memory_time": 8e-09
      },
      {
        "operator_name": "gelu",
        "latency_seconds": 4.5032000000000005e-05,
        "flop_count": 737280,
        "io_bytes": 65536,
        "arithmetic_intensity": 11.25,
        "peak_compute_flops": 92405760000000.0,
        "peak_bandwidth_bytes": 2048000000000.0,
        "compute_utilization": 0.00017717897060435508,
        "bandwidth_utilization": 0.0007106057914372002,
        "bottleneck": "memory_bound",
        "compute_time": 7.97872340425532e-09,
        "memory_time": 3.2e-08
      },
      {
        "operator_name": "allreduce_mha",
        "latency_seconds": 0.0,
        "flop_count": 0,
        "io_bytes": 0,
        "arithmetic_intensity": Infinity,
        "peak_compute_flops": 92405760000000.0,
        "peak_bandwidth_bytes": 2048000000000.0,
        "compute_utilization": 0.0,
        "bandwidth_utilization": 0.0,
        "bottleneck": "memory_bound",
        "compute_time": 0.0,
        "memory_time": 0.0
      },
      {
        "operator_name": "allreduce_ffn",
        "latency_seconds": 0.0,
        "flop_count": 0,
        "io_bytes": 0,
        "arithmetic_intensity": Infinity,
        "peak_compute_flops": 92405760000000.0,
        "peak_bandwidth_bytes": 2048000000000.0,
        "compute_utilization": 0.0,
        "bandwidth_utilization": 0.0,
        "bottleneck": "memory_bound",
        "compute_time": 0.0,
        "memory_time": 0.0
      }
    ]
  }
}