{
  "task_id": "MB-02",
  "model_name": "LLaMA-70B",
  "d_model": 8192,
  "n_heads": 64,
  "n_layers": 80,
  "batch_size": 1,
  "seq_len": 512,
  "phase": "decode",
  "device_count": 4,
  "config_path": "configs/GA100.json",
  "total_latency_seconds": 0.0004681864625,
  "dominant_bottleneck": "memory_bound",
  "peak_systolic_flops": 369623040000000.0,
  "peak_vector_flops": 92405760000000.0,
  "peak_hbm_bandwidth": 2048000000000.0,
  "ridge_point_systolic": 180.48,
  "ridge_point_vector": 45.12,
  "layer_report": {
    "layer_index": 0,
    "phase": "decode",
    "total_latency_seconds": 0.0004681864625,
    "dominant_bottleneck": "memory_bound",
    "compute_fraction": 0.0,
    "memory_fraction": 1.0,
    "operator_reports": [
      {
        "operator_name": "qkv_proj",
        "latency_seconds": 8.7591e-05,
        "flop_count": 100663296,
        "io_bytes": 100724736,
        "arithmetic_intensity": 0.9993900207392948,
        "peak_compute_flops": 369623040000000.0,
        "peak_bandwidth_bytes": 2048000000000.0,
        "compute_utilization": 0.003109228408534152,
        "bandwidth_utilization": 0.5614960441141214,
        "bottleneck": "memory_bound",
        "compute_time": 2.723404255319149e-07,
        "memory_time": 4.9182e-05
      },
      {
        "operator_name": "q_mul_k",
        "latency_seconds": 2.15180078125e-05,
        "flop_count": 2101248,
        "io_bytes": 2121760,
        "arithmetic_intensity": 0.9903325541060252,
        "peak_compute_flops": 369623040000000.0,
        "peak_bandwidth_bytes": 2048000000000.0,
        "compute_utilization": 0.0002641899043381489,
        "bandwidth_utilization": 0.0481464471073465,
        "bottleneck": "memory_bound",
        "compute_time": 5.684840425531915e-09,
        "memory_time": 1.036015625e-06
      },
      {
        "operator_name": "a_mul_v",
        "latency_seconds": 2.15180078125e-05,
        "flop_count": 2101248,
        "io_bytes": 2121760,
        "arithmetic_intensity": 0.9903325541060252,
        "peak_compute_flops": 369623040000000.0,
        "peak_bandwidth_bytes": 2048000000000.0,
        "compute_utilization": 0.0002641899043381489,
        "bandwidth_utilization": 0.0481464471073465,
        "bottleneck": "memory_bound",
        "compute_time": 5.684840425531915e-09,
        "memory_time": 1.036015625e-06
      },
      {
        "operator_name": "h_matmul0",
        "latency_seconds": 2.9197e-05,
        "flop_count": 33554432,
        "io_bytes": 33574912,
        "arithmetic_intensity": 0.9993900207392948,
        "peak_compute_flops": 369623040000000.0,
        "peak_bandwidth_bytes": 2048000000000.0,
        "compute_utilization": 0.0031092284085341517,
        "bandwidth_utilization": 0.5614960441141214,
        "bottleneck": "memory_bound",
        "compute_time": 9.078014184397163e-08,
        "memory_time": 1.6394e-05
      },
      {
        "operator_name": "h_matmul1",
        "latency_seconds": 5.3775999999999995e-05,
        "flop_count": 134217728,
        "io_bytes": 134250496,
        "arithmetic_intensity": 0.9997559189650964,
        "peak_compute_flops": 369623040000000.0,
        "peak_bandwidth_bytes": 2048000000000.0,
        "compute_utilization": 0.006752465177326066,
        "bandwidth_utilization": 1.0,
        "bottleneck": "memory_bound",
        "compute_time": 3.631205673758865e-07,
        "memory_time": 6.5552e-05
      },
      {
        "operator_name": "h_matmul2",
        "latency_seconds": 5.3775999999999995e-05,
        "flop_count": 134217728,
        "io_bytes": 134250496,
        "arithmetic_intensity": 0.9997559189650964,
        "peak_compute_flops": 369623040000000.0,
        "peak_bandwidth_bytes": 2048000000000.0,
        "compute_utilization": 0.006752465177326066,
        "bandwidth_utilization": 1.0,
        "bottleneck": "memory_bound",
        "compute_time": 3.631205673758865e-07,
        "memory_time": 6.5552e-05
      },
      {
        "operator_name": "softmax",
        "latency_seconds": 1.2024046875000001e-05,
        "flop_count": 919296,
        "io_bytes": 49248,
        "arithmetic_intensity": 18.666666666666668,
        "peak_compute_flops": 92405760000000.0,
        "peak_bandwidth_bytes": 2048000000000.0,
        "compute_utilization": 0.000827381234296864,
        "bandwidth_utilization": 0.0019998986406147053,
        "bottleneck": "memory_bound",
        "compute_time": 9.948470744680851e-09,
        "memory_time": 2.4046875e-08
      },
      {
        "operator_name": "layernorm_0",
        "latency_seconds": 4.5016000000000004e-05,
        "flop_count": 57344,
        "io_bytes": 32768,
        "arithmetic_intensity": 1.75,
        "peak_compute_flops": 92405760000000.0,
        "peak_bandwidth_bytes": 2048000000000.0,
        "compute_utilization": 1.3785484625167156e-05,
        "bandwidth_utilization": 0.0003554291807357384,
        "bottleneck": "memory_bound",
        "compute_time": 6.205673758865248e-10,
        "memory_time": 1.6e-08
      },
      {
        "operator_name": "layernorm_1",
        "latency_seconds": 4.5016000000000004e-05,
        "flop_count": 57344,
        "io_bytes": 32768,
        "arithmetic_intensity": 1.75,
        "peak_compute_flops": 92405760000000.0,
        "peak_bandwidth_bytes": 2048000000000.0,
        "compute_utilization": 1.3785484625167156e-05,
        "bandwidth_utilization": 0.0003554291807357384,
        "bottleneck": "memory_bound",
        "compute_time": 6.205673758865248e-10,
        "memory_time": 1.6e-08
      },
      {
        "operator_name": "gelu",
        "latency_seconds": 4.5016000000000004e-05,
        "flop_count": 368640,
        "io_bytes": 32768,
        "arithmetic_intensity": 11.25,
        "peak_compute_flops": 92405760000000.0,
        "peak_bandwidth_bytes": 2048000000000.0,
        "compute_utilization": 8.86209725903603e-05,
        "bandwidth_utilization": 0.0003554291807357384,
        "bottleneck": "memory_bound",
        "compute_time": 3.98936170212766e-09,
        "memory_time": 1.6e-08
      },
      {
        "operator_name": "allreduce_mha",
        "latency_seconds": 2.6869199999999997e-05,
        "flop_count": 0,
        "io_bytes": 16384,
        "arithmetic_intensity": 0.0,
        "peak_compute_flops": 92405760000000.0,
        "peak_bandwidth_bytes": 2048000000000.0,
        "compute_utilization": 0.0,
        "bandwidth_utilization": 0.00029773867476515865,
        "bottleneck": "memory_bound",
        "compute_time": 0.0,
        "memory_time": 8e-09
      },
      {
        "operator_name": "allreduce_ffn",
        "latency_seconds": 2.6869199999999997e-05,
        "flop_count": 0,
        "io_bytes": 16384,
        "arithmetic_intensity": 0.0,
        "peak_compute_flops": 92405760000000.0,
        "peak_bandwidth_bytes": 2048000000000.0,
        "compute_utilization": 0.0,
        "bandwidth_utilization": 0.00029773867476515865,
        "bottleneck": "memory_bound",
        "compute_time": 0.0,
        "memory_time": 8e-09
      }
    ]
  }
}