{
  "task_id": "MB-03",
  "model_name": "GPT-2 Small (117M)",
  "d_model": 768,
  "n_heads": 12,
  "n_layers": 12,
  "batch_size": 1,
  "seq_len": 128,
  "phase": "decode",
  "device_count": 1,
  "config_path": "configs/GA100.json",
  "total_latency_seconds": 0.000318575296875,
  "dominant_bottleneck": "memory_bound",
  "peak_systolic_flops": 369623040000000.0,
  "peak_vector_flops": 92405760000000.0,
  "peak_hbm_bandwidth": 2048000000000.0,
  "ridge_point_systolic": 180.48,
  "ridge_point_vector": 45.12,
  "layer_report": {
    "layer_index": 0,
    "phase": "decode",
    "total_latency_seconds": 0.000318575296875,
    "dominant_bottleneck": "memory_bound",
    "compute_fraction": 0.0,
    "memory_fraction": 1.0,
    "operator_reports": [
      {
        "operator_name": "qkv_proj",
        "latency_seconds": 6.386624999999999e-05,
        "flop_count": 3538944,
        "io_bytes": 3548160,
        "arithmetic_intensity": 0.9974025974025974,
        "peak_compute_flops": 369623040000000.0,
        "peak_bandwidth_bytes": 2048000000000.0,
        "compute_utilization": 0.00014991436142103827,
        "bandwidth_utilization": 0.02712700369913687,
        "bottleneck": "memory_bound",
        "compute_time": 9.574468085106384e-09,
        "memory_time": 1.7325e-06
      },
      {
        "operator_name": "q_mul_k",
        "latency_seconds": 2.1049505859375e-05,
        "flop_count": 198144,
        "io_bytes": 202776,
        "arithmetic_intensity": 0.9771570600071015,
        "peak_compute_flops": 369623040000000.0,
        "peak_bandwidth_bytes": 2048000000000.0,
        "compute_utilization": 2.5467128886764338e-05,
        "bandwidth_utilization": 0.004703755015032921,
        "bottleneck": "memory_bound",
        "compute_time": 5.360704787234043e-10,
        "memory_time": 9.901171875e-08
      },
      {
        "operator_name": "a_mul_v",
        "latency_seconds": 2.1049505859375e-05,
        "flop_count": 198144,
        "io_bytes": 202776,
        "arithmetic_intensity": 0.9771570600071015,
        "peak_compute_flops": 369623040000000.0,
        "peak_bandwidth_bytes": 2048000000000.0,
        "compute_utilization": 2.5467128886764338e-05,
        "bandwidth_utilization": 0.004703755015032921,
        "bottleneck": "memory_bound",
        "compute_time": 5.360704787234043e-10,
        "memory_time": 9.901171875e-08
      },
      {
        "operator_name": "h_matmul0",
        "latency_seconds": 2.128875e-05,
        "flop_count": 1179648,
        "io_bytes": 1182720,
        "arithmetic_intensity": 0.9974025974025974,
        "peak_compute_flops": 369623040000000.0,
        "peak_bandwidth_bytes": 2048000000000.0,
        "compute_utilization": 0.00014991436142103824,
        "bandwidth_utilization": 0.02712700369913687,
        "bottleneck": "memory_bound",
        "compute_time": 3.1914893617021278e-09,
        "memory_time": 5.775e-07
      },
      {
        "operator_name": "h_matmul1",
        "latency_seconds": 2.2153875e-05,
        "flop_count": 4718592,
        "io_bytes": 4726272,
        "arithmetic_intensity": 0.9983750406239844,
        "peak_compute_flops": 369623040000000.0,
        "peak_bandwidth_bytes": 2048000000000.0,
        "compute_utilization": 0.0005762403844387725,
        "bandwidth_utilization": 0.10416913519643856,
        "bottleneck": "memory_bound",
        "compute_time": 1.2765957446808511e-08,
        "memory_time": 2.30775e-06
      },
      {
        "operator_name": "h_matmul2",
        "latency_seconds": 2.2153875e-05,
        "flop_count": 4718592,
        "io_bytes": 4726272,
        "arithmetic_intensity": 0.9983750406239844,
        "peak_compute_flops": 369623040000000.0,
        "peak_bandwidth_bytes": 2048000000000.0,
        "compute_utilization": 0.0005762403844387725,
        "bandwidth_utilization": 0.10416913519643856,
        "bottleneck": "memory_bound",
        "compute_time": 1.2765957446808511e-08,
        "memory_time": 2.30775e-06
      },
      {
        "operator_name": "softmax",
        "latency_seconds": 1.200453515625e-05,
        "flop_count": 173376,
        "io_bytes": 9288,
        "arithmetic_intensity": 18.666666666666668,
        "peak_compute_flops": 92405760000000.0,
        "peak_bandwidth_bytes": 2048000000000.0,
        "compute_utilization": 0.00015629482117473514,
        "bandwidth_utilization": 0.0003777869106109312,
        "bottleneck": "memory_bound",
        "compute_time": 1.876246675531915e-09,
        "memory_time": 4.53515625e-09
      },
      {
        "operator_name": "layernorm_0",
        "latency_seconds": 4.5001500000000006e-05,
        "flop_count": 5376,
        "io_bytes": 3072,
        "arithmetic_intensity": 1.75,
        "peak_compute_flops": 92405760000000.0,
        "peak_bandwidth_bytes": 2048000000000.0,
        "compute_utilization": 1.2928056062433851e-06,
        "bandwidth_utilization": 3.333222225925802e-05,
        "bottleneck": "memory_bound",
        "compute_time": 5.81781914893617e-11,
        "memory_time": 1.5e-09
      },
      {
        "operator_name": "layernorm_1",
        "latency_seconds": 4.5001500000000006e-05,
        "flop_count": 5376,
        "io_bytes": 3072,
        "arithmetic_intensity": 1.75,
        "peak_compute_flops": 92405760000000.0,
        "peak_bandwidth_bytes": 2048000000000.0,
        "compute_utilization": 1.2928056062433851e-06,
        "bandwidth_utilization": 3.333222225925802e-05,
        "bottleneck": "memory_bound",
        "compute_time": 5.81781914893617e-11,
        "memory_time": 1.5e-09
      },
      {
        "operator_name": "gelu",
        "latency_seconds": 4.5006e-05,
        "flop_count": 138240,
        "io_bytes": 12288,
        "arithmetic_intensity": 11.25,
        "peak_compute_flops": 92405760000000.0,
        "peak_bandwidth_bytes": 2048000000000.0,
        "compute_utilization": 3.324024881788811e-05,
        "bandwidth_utilization": 0.0001333155579256099,
        "bottleneck": "memory_bound",
        "compute_time": 1.4960106382978722e-09,
        "memory_time": 6e-09
      },
      {
        "operator_name": "allreduce_mha",
        "latency_seconds": 0.0,
        "flop_count": 0,
        "io_bytes": 0,
        "arithmetic_intensity": Infinity,
        "peak_compute_flops": 92405760000000.0,
        "peak_bandwidth_bytes": 2048000000000.0,
        "compute_utilization": 0.0,
        "bandwidth_utilization": 0.0,
        "bottleneck": "memory_bound",
        "compute_time": 0.0,
        "memory_time": 0.0
      },
      {
        "operator_name": "allreduce_ffn",
        "latency_seconds": 0.0,
        "flop_count": 0,
        "io_bytes": 0,
        "arithmetic_intensity": Infinity,
        "peak_compute_flops": 92405760000000.0,
        "peak_bandwidth_bytes": 2048000000000.0,
        "compute_utilization": 0.0,
        "bandwidth_utilization": 0.0,
        "bottleneck": "memory_bound",
        "compute_time": 0.0,
        "memory_time": 0.0
      }
    ]
  }
}