{
  "task_id": "SC-02_dc4",
  "model_name": "LLaMA-70B",
  "d_model": 8192,
  "n_heads": 64,
  "n_layers": 80,
  "batch_size": 16,
  "seq_len": 1024,
  "phase": "decode",
  "device_count": 4,
  "config_path": "configs/GA100.json",
  "total_latency_seconds": 0.0005055074,
  "dominant_bottleneck": "memory_bound",
  "peak_systolic_flops": 369623040000000.0,
  "peak_vector_flops": 92405760000000.0,
  "peak_hbm_bandwidth": 2048000000000.0,
  "ridge_point_systolic": 180.48,
  "ridge_point_vector": 45.12,
  "layer_report": {
    "layer_index": 0,
    "phase": "decode",
    "total_latency_seconds": 0.0005055074,
    "dominant_bottleneck": "memory_bound",
    "compute_fraction": 0.0,
    "memory_fraction": 1.0,
    "operator_reports": [
      {
        "operator_name": "qkv_proj",
        "latency_seconds": 8.7816e-05,
        "flop_count": 1610612736,
        "io_bytes": 101646336,
        "arithmetic_intensity": 15.845261121856867,
        "peak_compute_flops": 369623040000000.0,
        "peak_bandwidth_bytes": 2048000000000.0,
        "compute_utilization": 0.049620192317011,
        "bandwidth_utilization": 0.5651817436458049,
        "bottleneck": "memory_bound",
        "compute_time": 4.3574468085106384e-06,
        "memory_time": 4.9632e-05
      },
      {
        "operator_name": "q_mul_k",
        "latency_seconds": 3.7544125e-05,
        "flop_count": 67174400,
        "io_bytes": 67764736,
        "arithmetic_intensity": 0.9912884483162452,
        "peak_compute_flops": 369623040000000.0,
        "peak_bandwidth_bytes": 2048000000000.0,
        "compute_utilization": 0.00484063987780997,
        "bandwidth_utilization": 0.8813163177993895,
        "bottleneck": "memory_bound",
        "compute_time": 1.8173758865248226e-07,
        "memory_time": 3.308825e-05
      },
      {
        "operator_name": "a_mul_v",
        "latency_seconds": 3.7544125e-05,
        "flop_count": 67174400,
        "io_bytes": 67764736,
        "arithmetic_intensity": 0.9912884483162452,
        "peak_compute_flops": 369623040000000.0,
        "peak_bandwidth_bytes": 2048000000000.0,
        "compute_utilization": 0.00484063987780997,
        "bandwidth_utilization": 0.8813163177993895,
        "bottleneck": "memory_bound",
        "compute_time": 1.8173758865248226e-07,
        "memory_time": 3.308825e-05
      },
      {
        "operator_name": "h_matmul0",
        "latency_seconds": 2.9272e-05,
        "flop_count": 536870912,
        "io_bytes": 33882112,
        "arithmetic_intensity": 15.845261121856867,
        "peak_compute_flops": 369623040000000.0,
        "peak_bandwidth_bytes": 2048000000000.0,
        "compute_utilization": 0.049620192317011,
        "bandwidth_utilization": 0.5651817436458049,
        "bottleneck": "memory_bound",
        "compute_time": 1.452482269503546e-06,
        "memory_time": 1.6544e-05
      },
      {
        "operator_name": "h_matmul1",
        "latency_seconds": 5.3896e-05,
        "flop_count": 2147483648,
        "io_bytes": 134742016,
        "arithmetic_intensity": 15.937743190661479,
        "peak_compute_flops": 369623040000000.0,
        "peak_bandwidth_bytes": 2048000000000.0,
        "compute_utilization": 0.10779889190318732,
        "bandwidth_utilization": 1.0,
        "bottleneck": "memory_bound",
        "compute_time": 5.809929078014184e-06,
        "memory_time": 6.5792e-05
      },
      {
        "operator_name": "h_matmul2",
        "latency_seconds": 5.3896e-05,
        "flop_count": 2147483648,
        "io_bytes": 134742016,
        "arithmetic_intensity": 15.937743190661479,
        "peak_compute_flops": 369623040000000.0,
        "peak_bandwidth_bytes": 2048000000000.0,
        "compute_utilization": 0.10779889190318732,
        "bandwidth_utilization": 1.0,
        "bottleneck": "memory_bound",
        "compute_time": 5.809929078014184e-06,
        "memory_time": 6.5792e-05
      },
      {
        "operator_name": "softmax",
        "latency_seconds": 1.276875e-05,
        "flop_count": 29388800,
        "io_bytes": 1574400,
        "arithmetic_intensity": 18.666666666666668,
        "peak_compute_flops": 92405760000000.0,
        "peak_bandwidth_bytes": 2048000000000.0,
        "compute_utilization": 0.02490774587503428,
        "bandwidth_utilization": 0.06020558002936858,
        "bottleneck": "memory_bound",
        "compute_time": 3.1804078014184396e-07,
        "memory_time": 7.6875e-07
      },
      {
        "operator_name": "layernorm_0",
        "latency_seconds": 4.5256e-05,
        "flop_count": 917504,
        "io_bytes": 524288,
        "arithmetic_intensity": 1.75,
        "peak_compute_flops": 92405760000000.0,
        "peak_bandwidth_bytes": 2048000000000.0,
        "compute_utilization": 0.0002193980469812709,
        "bandwidth_utilization": 0.0056567085027399685,
        "bottleneck": "memory_bound",
        "compute_time": 9.929078014184396e-09,
        "memory_time": 2.56e-07
      },
      {
        "operator_name": "layernorm_1",
        "latency_seconds": 4.5256e-05,
        "flop_count": 917504,
        "io_bytes": 524288,
        "arithmetic_intensity": 1.75,
        "peak_compute_flops": 92405760000000.0,
        "peak_bandwidth_bytes": 2048000000000.0,
        "compute_utilization": 0.0002193980469812709,
        "bandwidth_utilization": 0.0056567085027399685,
        "bottleneck": "memory_bound",
        "compute_time": 9.929078014184396e-09,
        "memory_time": 2.56e-07
      },
      {
        "operator_name": "gelu",
        "latency_seconds": 4.5256e-05,
        "flop_count": 5898240,
        "io_bytes": 524288,
        "arithmetic_intensity": 11.25,
        "peak_compute_flops": 92405760000000.0,
        "peak_bandwidth_bytes": 2048000000000.0,
        "compute_utilization": 0.0014104160163081701,
        "bandwidth_utilization": 0.0056567085027399685,
        "bottleneck": "memory_bound",
        "compute_time": 6.382978723404255e-08,
        "memory_time": 2.56e-07
      },
      {
        "operator_name": "allreduce_mha",
        "latency_seconds": 2.85012e-05,
        "flop_count": 0,
        "io_bytes": 262144,
        "arithmetic_intensity": 0.0,
        "peak_compute_flops": 92405760000000.0,
        "peak_bandwidth_bytes": 2048000000000.0,
        "compute_utilization": 0.0,
        "bandwidth_utilization": 0.004491038973797595,
        "bottleneck": "memory_bound",
        "compute_time": 0.0,
        "memory_time": 1.28e-07
      },
      {
        "operator_name": "allreduce_ffn",
        "latency_seconds": 2.85012e-05,
        "flop_count": 0,
        "io_bytes": 262144,
        "arithmetic_intensity": 0.0,
        "peak_compute_flops": 92405760000000.0,
        "peak_bandwidth_bytes": 2048000000000.0,
        "compute_utilization": 0.0,
        "bandwidth_utilization": 0.004491038973797595,
        "bottleneck": "memory_bound",
        "compute_time": 0.0,
        "memory_time": 1.28e-07
      }
    ]
  }
}