{
  "task_id": "SC-02_dc2",
  "model_name": "LLaMA-70B",
  "d_model": 8192,
  "n_heads": 64,
  "n_layers": 80,
  "batch_size": 16,
  "seq_len": 1024,
  "phase": "decode",
  "device_count": 2,
  "config_path": "configs/GA100.json",
  "total_latency_seconds": 0.0006003468000000001,
  "dominant_bottleneck": "memory_bound",
  "peak_systolic_flops": 369623040000000.0,
  "peak_vector_flops": 92405760000000.0,
  "peak_hbm_bandwidth": 2048000000000.0,
  "ridge_point_systolic": 180.48,
  "ridge_point_vector": 45.12,
  "layer_report": {
    "layer_index": 0,
    "phase": "decode",
    "total_latency_seconds": 0.0006003468000000001,
    "dominant_bottleneck": "memory_bound",
    "compute_fraction": 0.0,
    "memory_fraction": 0.9999999999999998,
    "operator_reports": [
      {
        "operator_name": "qkv_proj",
        "latency_seconds": 0.00011244,
        "flop_count": 3221225472,
        "io_bytes": 202506240,
        "arithmetic_intensity": 15.906796116504854,
        "peak_compute_flops": 369623040000000.0,
        "peak_bandwidth_bytes": 2048000000000.0,
        "compute_utilization": 0.07750705813786266,
        "bandwidth_utilization": 0.87940234791889,
        "bottleneck": "memory_bound",
        "compute_time": 8.714893617021277e-06,
        "memory_time": 9.888e-05
      },
      {
        "operator_name": "q_mul_k",
        "latency_seconds": 5.4088250000000005e-05,
        "flop_count": 134348800,
        "io_bytes": 135529472,
        "arithmetic_intensity": 0.9912884483162452,
        "peak_compute_flops": 369623040000000.0,
        "peak_bandwidth_bytes": 2048000000000.0,
        "compute_utilization": 0.006720039515143575,
        "bandwidth_utilization": 1.0,
        "bottleneck": "memory_bound",
        "compute_time": 3.634751773049645e-07,
        "memory_time": 6.61765e-05
      },
      {
        "operator_name": "a_mul_v",
        "latency_seconds": 5.4088250000000005e-05,
        "flop_count": 134348800,
        "io_bytes": 135529472,
        "arithmetic_intensity": 0.9912884483162452,
        "peak_compute_flops": 369623040000000.0,
        "peak_bandwidth_bytes": 2048000000000.0,
        "compute_utilization": 0.006720039515143575,
        "bandwidth_utilization": 1.0,
        "bottleneck": "memory_bound",
        "compute_time": 3.634751773049645e-07,
        "memory_time": 6.61765e-05
      },
      {
        "operator_name": "h_matmul0",
        "latency_seconds": 3.748e-05,
        "flop_count": 1073741824,
        "io_bytes": 67502080,
        "arithmetic_intensity": 15.906796116504854,
        "peak_compute_flops": 369623040000000.0,
        "peak_bandwidth_bytes": 2048000000000.0,
        "compute_utilization": 0.07750705813786266,
        "bandwidth_utilization": 0.8794023479188902,
        "bottleneck": "memory_bound",
        "compute_time": 2.904964539007092e-06,
        "memory_time": 3.296e-05
      },
      {
        "operator_name": "h_matmul1",
        "latency_seconds": 8.6728e-05,
        "flop_count": 4294967296,
        "io_bytes": 269221888,
        "arithmetic_intensity": 15.953261927945473,
        "peak_compute_flops": 369623040000000.0,
        "peak_bandwidth_bytes": 2048000000000.0,
        "compute_utilization": 0.13398046946808836,
        "bandwidth_utilization": 1.0,
        "bottleneck": "memory_bound",
        "compute_time": 1.1619858156028369e-05,
        "memory_time": 0.000131456
      },
      {
        "operator_name": "h_matmul2",
        "latency_seconds": 8.6728e-05,
        "flop_count": 4294967296,
        "io_bytes": 269221888,
        "arithmetic_intensity": 15.953261927945473,
        "peak_compute_flops": 369623040000000.0,
        "peak_bandwidth_bytes": 2048000000000.0,
        "compute_utilization": 0.13398046946808836,
        "bandwidth_utilization": 1.0,
        "bottleneck": "memory_bound",
        "compute_time": 1.1619858156028369e-05,
        "memory_time": 0.000131456
      },
      {
        "operator_name": "softmax",
        "latency_seconds": 1.35375e-05,
        "flop_count": 58777600,
        "io_bytes": 3148800,
        "arithmetic_intensity": 18.666666666666668,
        "peak_compute_flops": 92405760000000.0,
        "peak_bandwidth_bytes": 2048000000000.0,
        "compute_utilization": 0.04698663418531397,
        "bandwidth_utilization": 0.11357340720221606,
        "bottleneck": "memory_bound",
        "compute_time": 6.360815602836879e-07,
        "memory_time": 1.5375e-06
      },
      {
        "operator_name": "layernorm_0",
        "latency_seconds": 4.5256e-05,
        "flop_count": 917504,
        "io_bytes": 524288,
        "arithmetic_intensity": 1.75,
        "peak_compute_flops": 92405760000000.0,
        "peak_bandwidth_bytes": 2048000000000.0,
        "compute_utilization": 0.0002193980469812709,
        "bandwidth_utilization": 0.0056567085027399685,
        "bottleneck": "memory_bound",
        "compute_time": 9.929078014184396e-09,
        "memory_time": 2.56e-07
      },
      {
        "operator_name": "layernorm_1",
        "latency_seconds": 4.5256e-05,
        "flop_count": 917504,
        "io_bytes": 524288,
        "arithmetic_intensity": 1.75,
        "peak_compute_flops": 92405760000000.0,
        "peak_bandwidth_bytes": 2048000000000.0,
        "compute_utilization": 0.0002193980469812709,
        "bandwidth_utilization": 0.0056567085027399685,
        "bottleneck": "memory_bound",
        "compute_time": 9.929078014184396e-09,
        "memory_time": 2.56e-07
      },
      {
        "operator_name": "gelu",
        "latency_seconds": 4.5512e-05,
        "flop_count": 11796480,
        "io_bytes": 1048576,
        "arithmetic_intensity": 11.25,
        "peak_compute_flops": 92405760000000.0,
        "peak_bandwidth_bytes": 2048000000000.0,
        "compute_utilization": 0.0028049651623326837,
        "bandwidth_utilization": 0.011249780277728952,
        "bottleneck": "memory_bound",
        "compute_time": 1.276595744680851e-07,
        "memory_time": 5.12e-07
      },
      {
        "operator_name": "allreduce_mha",
        "latency_seconds": 9.6164e-06,
        "flop_count": 0,
        "io_bytes": 262144,
        "arithmetic_intensity": 0.0,
        "peak_compute_flops": 92405760000000.0,
        "peak_bandwidth_bytes": 2048000000000.0,
        "compute_utilization": 0.0,
        "bandwidth_utilization": 0.01331059440123123,
        "bottleneck": "memory_bound",
        "compute_time": 0.0,
        "memory_time": 1.28e-07
      },
      {
        "operator_name": "allreduce_ffn",
        "latency_seconds": 9.6164e-06,
        "flop_count": 0,
        "io_bytes": 262144,
        "arithmetic_intensity": 0.0,
        "peak_compute_flops": 92405760000000.0,
        "peak_bandwidth_bytes": 2048000000000.0,
        "compute_utilization": 0.0,
        "bandwidth_utilization": 0.01331059440123123,
        "bottleneck": "memory_bound",
        "compute_time": 0.0,
        "memory_time": 1.28e-07
      }
    ]
  }
}