{
  "task_id": "SC-02_dc1",
  "model_name": "LLaMA-70B",
  "d_model": 8192,
  "n_heads": 64,
  "n_layers": 80,
  "batch_size": 16,
  "seq_len": 1024,
  "phase": "decode",
  "device_count": 1,
  "config_path": "configs/GA100.json",
  "total_latency_seconds": 0.000846332,
  "dominant_bottleneck": "memory_bound",
  "peak_systolic_flops": 369623040000000.0,
  "peak_vector_flops": 92405760000000.0,
  "peak_hbm_bandwidth": 2048000000000.0,
  "ridge_point_systolic": 180.48,
  "ridge_point_vector": 45.12,
  "layer_report": {
    "layer_index": 0,
    "phase": "decode",
    "total_latency_seconds": 0.000846332,
    "dominant_bottleneck": "memory_bound",
    "compute_fraction": 0.0,
    "memory_fraction": 1.0,
    "operator_reports": [
      {
        "operator_name": "qkv_proj",
        "latency_seconds": 0.000161688,
        "flop_count": 6442450944,
        "io_bytes": 404226048,
        "arithmetic_intensity": 15.937743190661479,
        "peak_compute_flops": 369623040000000.0,
        "peak_bandwidth_bytes": 2048000000000.0,
        "compute_utilization": 0.10779889190318734,
        "bandwidth_utilization": 1.0,
        "bottleneck": "memory_bound",
        "compute_time": 1.7429787234042554e-05,
        "memory_time": 0.000197376
      },
      {
        "operator_name": "q_mul_k",
        "latency_seconds": 8.71765e-05,
        "flop_count": 268697600,
        "io_bytes": 271058944,
        "arithmetic_intensity": 0.9912884483162452,
        "peak_compute_flops": 369623040000000.0,
        "peak_bandwidth_bytes": 2048000000000.0,
        "compute_utilization": 0.008338833912922967,
        "bandwidth_utilization": 1.0,
        "bottleneck": "memory_bound",
        "compute_time": 7.26950354609929e-07,
        "memory_time": 0.000132353
      },
      {
        "operator_name": "a_mul_v",
        "latency_seconds": 8.71765e-05,
        "flop_count": 268697600,
        "io_bytes": 271058944,
        "arithmetic_intensity": 0.9912884483162452,
        "peak_compute_flops": 369623040000000.0,
        "peak_bandwidth_bytes": 2048000000000.0,
        "compute_utilization": 0.008338833912922967,
        "bandwidth_utilization": 1.0,
        "bottleneck": "memory_bound",
        "compute_time": 7.26950354609929e-07,
        "memory_time": 0.000132353
      },
      {
        "operator_name": "h_matmul0",
        "latency_seconds": 5.3896e-05,
        "flop_count": 2147483648,
        "io_bytes": 134742016,
        "arithmetic_intensity": 15.937743190661479,
        "peak_compute_flops": 369623040000000.0,
        "peak_bandwidth_bytes": 2048000000000.0,
        "compute_utilization": 0.10779889190318732,
        "bandwidth_utilization": 1.0,
        "bottleneck": "memory_bound",
        "compute_time": 5.809929078014184e-06,
        "memory_time": 6.5792e-05
      },
      {
        "operator_name": "h_matmul1",
        "latency_seconds": 0.000152392,
        "flop_count": 8589934592,
        "io_bytes": 538181632,
        "arithmetic_intensity": 15.961032635168047,
        "peak_compute_flops": 369623040000000.0,
        "peak_bandwidth_bytes": 2048000000000.0,
        "compute_utilization": 0.15249958207817166,
        "bandwidth_utilization": 1.0,
        "bottleneck": "memory_bound",
        "compute_time": 2.3239716312056737e-05,
        "memory_time": 0.000262784
      },
      {
        "operator_name": "h_matmul2",
        "latency_seconds": 0.000152392,
        "flop_count": 8589934592,
        "io_bytes": 538181632,
        "arithmetic_intensity": 15.961032635168047,
        "peak_compute_flops": 369623040000000.0,
        "peak_bandwidth_bytes": 2048000000000.0,
        "compute_utilization": 0.15249958207817166,
        "bandwidth_utilization": 1.0,
        "bottleneck": "memory_bound",
        "compute_time": 2.3239716312056737e-05,
        "memory_time": 0.000262784
      },
      {
        "operator_name": "softmax",
        "latency_seconds": 1.5075e-05,
        "flop_count": 117555200,
        "io_bytes": 6297600,
        "arithmetic_intensity": 18.666666666666668,
        "peak_compute_flops": 92405760000000.0,
        "peak_bandwidth_bytes": 2048000000000.0,
        "compute_utilization": 0.08438893005422061,
        "bandwidth_utilization": 0.20398009950248758,
        "bottleneck": "memory_bound",
        "compute_time": 1.2721631205673758e-06,
        "memory_time": 3.075e-06
      },
      {
        "operator_name": "layernorm_0",
        "latency_seconds": 4.5256e-05,
        "flop_count": 917504,
        "io_bytes": 524288,
        "arithmetic_intensity": 1.75,
        "peak_compute_flops": 92405760000000.0,
        "peak_bandwidth_bytes": 2048000000000.0,
        "compute_utilization": 0.0002193980469812709,
        "bandwidth_utilization": 0.0056567085027399685,
        "bottleneck": "memory_bound",
        "compute_time": 9.929078014184396e-09,
        "memory_time": 2.56e-07
      },
      {
        "operator_name": "layernorm_1",
        "latency_seconds": 4.5256e-05,
        "flop_count": 917504,
        "io_bytes": 524288,
        "arithmetic_intensity": 1.75,
        "peak_compute_flops": 92405760000000.0,
        "peak_bandwidth_bytes": 2048000000000.0,
        "compute_utilization": 0.0002193980469812709,
        "bandwidth_utilization": 0.0056567085027399685,
        "bottleneck": "memory_bound",
        "compute_time": 9.929078014184396e-09,
        "memory_time": 2.56e-07
      },
      {
        "operator_name": "gelu",
        "latency_seconds": 4.6024000000000005e-05,
        "flop_count": 23592960,
        "io_bytes": 2097152,
        "arithmetic_intensity": 11.25,
        "peak_compute_flops": 92405760000000.0,
        "peak_bandwidth_bytes": 2048000000000.0,
        "compute_utilization": 0.005547521921957461,
        "bandwidth_utilization": 0.02224926125499739,
        "bottleneck": "memory_bound",
        "compute_time": 2.553191489361702e-07,
        "memory_time": 1.024e-06
      },
      {
        "operator_name": "allreduce_mha",
        "latency_seconds": 0.0,
        "flop_count": 0,
        "io_bytes": 0,
        "arithmetic_intensity": Infinity,
        "peak_compute_flops": 92405760000000.0,
        "peak_bandwidth_bytes": 2048000000000.0,
        "compute_utilization": 0.0,
        "bandwidth_utilization": 0.0,
        "bottleneck": "memory_bound",
        "compute_time": 0.0,
        "memory_time": 0.0
      },
      {
        "operator_name": "allreduce_ffn",
        "latency_seconds": 0.0,
        "flop_count": 0,
        "io_bytes": 0,
        "arithmetic_intensity": Infinity,
        "peak_compute_flops": 92405760000000.0,
        "peak_bandwidth_bytes": 2048000000000.0,
        "compute_utilization": 0.0,
        "bandwidth_utilization": 0.0,
        "bottleneck": "memory_bound",
        "compute_time": 0.0,
        "memory_time": 0.0
      }
    ]
  }
}