{
  "task_id": "SC-02_dc8",
  "model_name": "LLaMA-70B",
  "d_model": 8192,
  "n_heads": 64,
  "n_layers": 80,
  "batch_size": 16,
  "seq_len": 1024,
  "phase": "decode",
  "device_count": 8,
  "config_path": "configs/GA100.json",
  "total_latency_seconds": 0.0006352114866666667,
  "dominant_bottleneck": "memory_bound",
  "peak_systolic_flops": 369623040000000.0,
  "peak_vector_flops": 92405760000000.0,
  "peak_hbm_bandwidth": 2048000000000.0,
  "ridge_point_systolic": 180.48,
  "ridge_point_vector": 45.12,
  "layer_report": {
    "layer_index": 0,
    "phase": "decode",
    "total_latency_seconds": 0.0006352114866666667,
    "dominant_bottleneck": "memory_bound",
    "compute_fraction": 0.0,
    "memory_fraction": 0.9999999999999998,
    "operator_reports": [
      {
        "operator_name": "qkv_proj",
        "latency_seconds": 7.5504e-05,
        "flop_count": 805306368,
        "io_bytes": 51216384,
        "arithmetic_intensity": 15.723608445297504,
        "peak_compute_flops": 369623040000000.0,
        "peak_bandwidth_bytes": 2048000000000.0,
        "compute_utilization": 0.02885573485186638,
        "bandwidth_utilization": 0.3312142403051494,
        "bottleneck": "memory_bound",
        "compute_time": 2.1787234042553192e-06,
        "memory_time": 2.5008e-05
      },
      {
        "operator_name": "q_mul_k",
        "latency_seconds": 2.92720625e-05,
        "flop_count": 33587200,
        "io_bytes": 33882368,
        "arithmetic_intensity": 0.9912884483162452,
        "peak_compute_flops": 369623040000000.0,
        "peak_bandwidth_bytes": 2048000000000.0,
        "compute_utilization": 0.0031042839679042474,
        "bandwidth_utilization": 0.5651848071860328,
        "bottleneck": "memory_bound",
        "compute_time": 9.086879432624113e-08,
        "memory_time": 1.6544125e-05
      },
      {
        "operator_name": "a_mul_v",
        "latency_seconds": 2.92720625e-05,
        "flop_count": 33587200,
        "io_bytes": 33882368,
        "arithmetic_intensity": 0.9912884483162452,
        "peak_compute_flops": 369623040000000.0,
        "peak_bandwidth_bytes": 2048000000000.0,
        "compute_utilization": 0.0031042839679042474,
        "bandwidth_utilization": 0.5651848071860328,
        "bottleneck": "memory_bound",
        "compute_time": 9.086879432624113e-08,
        "memory_time": 1.6544125e-05
      },
      {
        "operator_name": "h_matmul0",
        "latency_seconds": 2.5168e-05,
        "flop_count": 268435456,
        "io_bytes": 17072128,
        "arithmetic_intensity": 15.723608445297504,
        "peak_compute_flops": 369623040000000.0,
        "peak_bandwidth_bytes": 2048000000000.0,
        "compute_utilization": 0.02885573485186638,
        "bandwidth_utilization": 0.3312142403051494,
        "bottleneck": "memory_bound",
        "compute_time": 7.26241134751773e-07,
        "memory_time": 8.336e-06
      },
      {
        "operator_name": "h_matmul1",
        "latency_seconds": 3.748e-05,
        "flop_count": 1073741824,
        "io_bytes": 67502080,
        "arithmetic_intensity": 15.906796116504854,
        "peak_compute_flops": 369623040000000.0,
        "peak_bandwidth_bytes": 2048000000000.0,
        "compute_utilization": 0.07750705813786266,
        "bandwidth_utilization": 0.8794023479188902,
        "bottleneck": "memory_bound",
        "compute_time": 2.904964539007092e-06,
        "memory_time": 3.296e-05
      },
      {
        "operator_name": "h_matmul2",
        "latency_seconds": 3.748e-05,
        "flop_count": 1073741824,
        "io_bytes": 67502080,
        "arithmetic_intensity": 15.906796116504854,
        "peak_compute_flops": 369623040000000.0,
        "peak_bandwidth_bytes": 2048000000000.0,
        "compute_utilization": 0.07750705813786266,
        "bandwidth_utilization": 0.8794023479188902,
        "bottleneck": "memory_bound",
        "compute_time": 2.904964539007092e-06,
        "memory_time": 3.296e-05
      },
      {
        "operator_name": "softmax",
        "latency_seconds": 1.2384375000000001e-05,
        "flop_count": 14694400,
        "io_bytes": 787200,
        "arithmetic_intensity": 18.666666666666668,
        "peak_compute_flops": 92405760000000.0,
        "peak_bandwidth_bytes": 2048000000000.0,
        "compute_utilization": 0.0128404049514749,
        "bandwidth_utilization": 0.031037093111279335,
        "bottleneck": "memory_bound",
        "compute_time": 1.5902039007092198e-07,
        "memory_time": 3.84375e-07
      },
      {
        "operator_name": "layernorm_0",
        "latency_seconds": 4.5256e-05,
        "flop_count": 917504,
        "io_bytes": 524288,
        "arithmetic_intensity": 1.75,
        "peak_compute_flops": 92405760000000.0,
        "peak_bandwidth_bytes": 2048000000000.0,
        "compute_utilization": 0.0002193980469812709,
        "bandwidth_utilization": 0.0056567085027399685,
        "bottleneck": "memory_bound",
        "compute_time": 9.929078014184396e-09,
        "memory_time": 2.56e-07
      },
      {
        "operator_name": "layernorm_1",
        "latency_seconds": 4.5256e-05,
        "flop_count": 917504,
        "io_bytes": 524288,
        "arithmetic_intensity": 1.75,
        "peak_compute_flops": 92405760000000.0,
        "peak_bandwidth_bytes": 2048000000000.0,
        "compute_utilization": 0.0002193980469812709,
        "bandwidth_utilization": 0.0056567085027399685,
        "bottleneck": "memory_bound",
        "compute_time": 9.929078014184396e-09,
        "memory_time": 2.56e-07
      },
      {
        "operator_name": "gelu",
        "latency_seconds": 4.5128000000000006e-05,
        "flop_count": 2949120,
        "io_bytes": 262144,
        "arithmetic_intensity": 11.25,
        "peak_compute_flops": 92405760000000.0,
        "peak_bandwidth_bytes": 2048000000000.0,
        "compute_utilization": 0.000707208243596465,
        "bandwidth_utilization": 0.0028363765289842226,
        "bottleneck": "memory_bound",
        "compute_time": 3.191489361702128e-08,
        "memory_time": 1.28e-07
      },
      {
        "operator_name": "allreduce_mha",
        "latency_seconds": 0.00012650549333333331,
        "flop_count": 0,
        "io_bytes": 262144,
        "arithmetic_intensity": 0.0,
        "peak_compute_flops": 92405760000000.0,
        "peak_bandwidth_bytes": 2048000000000.0,
        "compute_utilization": 0.0,
        "bandwidth_utilization": 0.0010118137689304034,
        "bottleneck": "memory_bound",
        "compute_time": 0.0,
        "memory_time": 1.28e-07
      },
      {
        "operator_name": "allreduce_ffn",
        "latency_seconds": 0.00012650549333333331,
        "flop_count": 0,
        "io_bytes": 262144,
        "arithmetic_intensity": 0.0,
        "peak_compute_flops": 92405760000000.0,
        "peak_bandwidth_bytes": 2048000000000.0,
        "compute_utilization": 0.0,
        "bandwidth_utilization": 0.0010118137689304034,
        "bottleneck": "memory_bound",
        "compute_time": 0.0,
        "memory_time": 1.28e-07
      }
    ]
  }
}