{
  "task_id": "SC-01_dc8",
  "model_name": "LLaMA-70B",
  "d_model": 8192,
  "n_heads": 64,
  "n_layers": 80,
  "batch_size": 16,
  "seq_len": 1024,
  "phase": "prefill",
  "device_count": 8,
  "config_path": "configs/GA100.json",
  "total_latency_seconds": 0.014050787460992909,
  "dominant_bottleneck": "compute_bound",
  "peak_systolic_flops": 369623040000000.0,
  "peak_vector_flops": 92405760000000.0,
  "peak_hbm_bandwidth": 2048000000000.0,
  "ridge_point_systolic": 180.48,
  "ridge_point_vector": 45.12,
  "layer_report": {
    "layer_index": 0,
    "phase": "prefill",
    "total_latency_seconds": 0.014050787460992909,
    "dominant_bottleneck": "compute_bound",
    "compute_fraction": 0.6440956486569941,
    "memory_fraction": 0.3559043513430058,
    "operator_reports": [
      {
        "operator_name": "qkv_proj",
        "latency_seconds": 0.0022940127659574466,
        "flop_count": 824633720832,
        "io_bytes": 956301312,
        "arithmetic_intensity": 862.3157894736842,
        "peak_compute_flops": 369623040000000.0,
        "peak_bandwidth_bytes": 2048000000000.0,
        "compute_utilization": 0.9725372060108368,
        "bandwidth_utilization": 0.20354899803929938,
        "bottleneck": "compute_bound",
        "compute_time": 0.002231012765957447,
        "memory_time": 0.000466944
      },
      {
        "operator_name": "q_mul_k",
        "latency_seconds": 0.00011395886524822694,
        "flop_count": 34359738368,
        "io_bytes": 335544320,
        "arithmetic_intensity": 102.4,
        "peak_compute_flops": 369623040000000.0,
        "peak_bandwidth_bytes": 2048000000000.0,
        "compute_utilization": 0.815722980794364,
        "bandwidth_utilization": 1.0,
        "bottleneck": "memory_bound",
        "compute_time": 9.295886524822695e-05,
        "memory_time": 0.00016384
      },
      {
        "operator_name": "a_mul_v",
        "latency_seconds": 0.00011395886524822694,
        "flop_count": 34359738368,
        "io_bytes": 335544320,
        "arithmetic_intensity": 102.4,
        "peak_compute_flops": 369623040000000.0,
        "peak_bandwidth_bytes": 2048000000000.0,
        "compute_utilization": 0.815722980794364,
        "bandwidth_utilization": 1.0,
        "bottleneck": "memory_bound",
        "compute_time": 9.295886524822695e-05,
        "memory_time": 0.00016384
      },
      {
        "operator_name": "h_matmul0",
        "latency_seconds": 0.0007646709219858156,
        "flop_count": 274877906944,
        "io_bytes": 318767104,
        "arithmetic_intensity": 862.3157894736842,
        "peak_compute_flops": 369623040000000.0,
        "peak_bandwidth_bytes": 2048000000000.0,
        "compute_utilization": 0.9725372060108367,
        "bandwidth_utilization": 0.20354899803929938,
        "bottleneck": "compute_bound",
        "compute_time": 0.0007436709219858156,
        "memory_time": 0.000155648
      },
      {
        "operator_name": "h_matmul1",
        "latency_seconds": 0.0029956836879432625,
        "flop_count": 1099511627776,
        "io_bytes": 469762048,
        "arithmetic_intensity": 2340.5714285714284,
        "peak_compute_flops": 369623040000000.0,
        "peak_bandwidth_bytes": 2048000000000.0,
        "compute_utilization": 0.9929899140938948,
        "bandwidth_utilization": 0.07656883165708392,
        "bottleneck": "compute_bound",
        "compute_time": 0.0029746836879432624,
        "memory_time": 0.000229376
      },
      {
        "operator_name": "h_matmul2",
        "latency_seconds": 0.0029956836879432625,
        "flop_count": 1099511627776,
        "io_bytes": 469762048,
        "arithmetic_intensity": 2340.5714285714284,
        "peak_compute_flops": 369623040000000.0,
        "peak_bandwidth_bytes": 2048000000000.0,
        "compute_utilization": 0.9929899140938948,
        "bandwidth_utilization": 0.07656883165708392,
        "bottleneck": "compute_bound",
        "compute_time": 0.0029746836879432624,
        "memory_time": 0.000229376
      },
      {
        "operator_name": "softmax",
        "latency_seconds": 0.000405216,
        "flop_count": 15032385536,
        "io_bytes": 805306368,
        "arithmetic_intensity": 18.666666666666668,
        "peak_compute_flops": 92405760000000.0,
        "peak_bandwidth_bytes": 2048000000000.0,
        "compute_utilization": 0.4014599970988242,
        "bandwidth_utilization": 0.9703861644160151,
        "bottleneck": "memory_bound",
        "compute_time": 0.00016267801418439715,
        "memory_time": 0.000393216
      },
      {
        "operator_name": "layernorm_0",
        "latency_seconds": 0.000307144,
        "flop_count": 939524096,
        "io_bytes": 536870912,
        "arithmetic_intensity": 1.75,
        "peak_compute_flops": 92405760000000.0,
        "peak_bandwidth_bytes": 2048000000000.0,
        "compute_utilization": 0.033102961107899946,
        "bandwidth_utilization": 0.8534889172505404,
        "bottleneck": "memory_bound",
        "compute_time": 1.0167375886524822e-05,
        "memory_time": 0.000262144
      },
      {
        "operator_name": "layernorm_1",
        "latency_seconds": 0.000307144,
        "flop_count": 939524096,
        "io_bytes": 536870912,
        "arithmetic_intensity": 1.75,
        "peak_compute_flops": 92405760000000.0,
        "peak_bandwidth_bytes": 2048000000000.0,
        "compute_utilization": 0.033102961107899946,
        "bandwidth_utilization": 0.8534889172505404,
        "bottleneck": "memory_bound",
        "compute_time": 1.0167375886524822e-05,
        "memory_time": 0.000262144
      },
      {
        "operator_name": "gelu",
        "latency_seconds": 0.00017607200000000002,
        "flop_count": 3019898880,
        "io_bytes": 268435456,
        "arithmetic_intensity": 11.25,
        "peak_compute_flops": 92405760000000.0,
        "peak_bandwidth_bytes": 2048000000000.0,
        "compute_utilization": 0.18561072211271404,
        "bandwidth_utilization": 0.7444227361533917,
        "bottleneck": "memory_bound",
        "compute_time": 3.268085106382979e-05,
        "memory_time": 0.000131072
      },
      {
        "operator_name": "allreduce_mha",
        "latency_seconds": 0.0017886213333333334,
        "flop_count": 0,
        "io_bytes": 268435456,
        "arithmetic_intensity": 0.0,
        "peak_compute_flops": 92405760000000.0,
        "peak_bandwidth_bytes": 2048000000000.0,
        "compute_utilization": 0.0,
        "bandwidth_utilization": 0.07328102240384773,
        "bottleneck": "memory_bound",
        "compute_time": 0.0,
        "memory_time": 0.000131072
      },
      {
        "operator_name": "allreduce_ffn",
        "latency_seconds": 0.0017886213333333334,
        "flop_count": 0,
        "io_bytes": 268435456,
        "arithmetic_intensity": 0.0,
        "peak_compute_flops": 92405760000000.0,
        "peak_bandwidth_bytes": 2048000000000.0,
        "compute_utilization": 0.0,
        "bandwidth_utilization": 0.07328102240384773,
        "bottleneck": "memory_bound",
        "compute_time": 0.0,
        "memory_time": 0.000131072
      }
    ]
  }
}