{
  "task_id": "SC-01_dc1",
  "model_name": "LLaMA-70B",
  "d_model": 8192,
  "n_heads": 64,
  "n_layers": 80,
  "batch_size": 16,
  "seq_len": 1024,
  "phase": "prefill",
  "device_count": 1,
  "config_path": "configs/GA100.json",
  "total_latency_seconds": 0.07791334235460994,
  "dominant_bottleneck": "compute_bound",
  "peak_systolic_flops": 369623040000000.0,
  "peak_vector_flops": 92405760000000.0,
  "peak_hbm_bandwidth": 2048000000000.0,
  "ridge_point_systolic": 180.48,
  "ridge_point_vector": 45.12,
  "layer_report": {
    "layer_index": 0,
    "phase": "prefill",
    "total_latency_seconds": 0.07791334235460994,
    "dominant_bottleneck": "compute_bound",
    "compute_fraction": 0.917922480916476,
    "memory_fraction": 0.08207751908352394,
    "operator_reports": [
      {
        "operator_name": "qkv_proj",
        "latency_seconds": 0.017911102127659576,
        "flop_count": 6597069766656,
        "io_bytes": 2013265920,
        "arithmetic_intensity": 3276.8,
        "peak_compute_flops": 369623040000000.0,
        "peak_bandwidth_bytes": 2048000000000.0,
        "compute_utilization": 0.9964826285087889,
        "bandwidth_utilization": 0.054884394773335635,
        "bottleneck": "compute_bound",
        "compute_time": 0.017848102127659575,
        "memory_time": 0.00098304
      },
      {
        "operator_name": "q_mul_k",
        "latency_seconds": 0.0007646709219858156,
        "flop_count": 274877906944,
        "io_bytes": 2684354560,
        "arithmetic_intensity": 102.4,
        "peak_compute_flops": 369623040000000.0,
        "peak_bandwidth_bytes": 2048000000000.0,
        "compute_utilization": 0.9725372060108367,
        "bandwidth_utilization": 1.0,
        "bottleneck": "memory_bound",
        "compute_time": 0.0007436709219858156,
        "memory_time": 0.00131072
      },
      {
        "operator_name": "a_mul_v",
        "latency_seconds": 0.0007646709219858156,
        "flop_count": 274877906944,
        "io_bytes": 2684354560,
        "arithmetic_intensity": 102.4,
        "peak_compute_flops": 369623040000000.0,
        "peak_bandwidth_bytes": 2048000000000.0,
        "compute_utilization": 0.9725372060108367,
        "bandwidth_utilization": 1.0,
        "bottleneck": "memory_bound",
        "compute_time": 0.0007436709219858156,
        "memory_time": 0.00131072
      },
      {
        "operator_name": "h_matmul0",
        "latency_seconds": 0.005970367375886525,
        "flop_count": 2199023255552,
        "io_bytes": 671088640,
        "arithmetic_intensity": 3276.8,
        "peak_compute_flops": 369623040000000.0,
        "peak_bandwidth_bytes": 2048000000000.0,
        "compute_utilization": 0.9964826285087889,
        "bandwidth_utilization": 0.05488439477333564,
        "bottleneck": "compute_bound",
        "compute_time": 0.005949367375886525,
        "memory_time": 0.00032768
      },
      {
        "operator_name": "h_matmul1",
        "latency_seconds": 0.0238184695035461,
        "flop_count": 8796093022208,
        "io_bytes": 1879048192,
        "arithmetic_intensity": 4681.142857142857,
        "peak_compute_flops": 369623040000000.0,
        "peak_bandwidth_bytes": 2048000000000.0,
        "compute_utilization": 0.9991183312598287,
        "bandwidth_utilization": 0.038520695037244174,
        "bottleneck": "compute_bound",
        "compute_time": 0.0237974695035461,
        "memory_time": 0.000917504
      },
      {
        "operator_name": "h_matmul2",
        "latency_seconds": 0.0238184695035461,
        "flop_count": 8796093022208,
        "io_bytes": 1879048192,
        "arithmetic_intensity": 4681.142857142857,
        "peak_compute_flops": 369623040000000.0,
        "peak_bandwidth_bytes": 2048000000000.0,
        "compute_utilization": 0.9991183312598287,
        "bandwidth_utilization": 0.038520695037244174,
        "bottleneck": "compute_bound",
        "compute_time": 0.0237974695035461,
        "memory_time": 0.000917504
      },
      {
        "operator_name": "softmax",
        "latency_seconds": 0.003157728,
        "flop_count": 120259084288,
        "io_bytes": 6442450944,
        "arithmetic_intensity": 18.666666666666668,
        "peak_compute_flops": 92405760000000.0,
        "peak_bandwidth_bytes": 2048000000000.0,
        "compute_utilization": 0.4121393968939621,
        "bandwidth_utilization": 0.9961997993494057,
        "bottleneck": "memory_bound",
        "compute_time": 0.0013014241134751772,
        "memory_time": 0.003145728
      },
      {
        "operator_name": "layernorm_0",
        "latency_seconds": 0.000307144,
        "flop_count": 939524096,
        "io_bytes": 536870912,
        "arithmetic_intensity": 1.75,
        "peak_compute_flops": 92405760000000.0,
        "peak_bandwidth_bytes": 2048000000000.0,
        "compute_utilization": 0.033102961107899946,
        "bandwidth_utilization": 0.8534889172505404,
        "bottleneck": "memory_bound",
        "compute_time": 1.0167375886524822e-05,
        "memory_time": 0.000262144
      },
      {
        "operator_name": "layernorm_1",
        "latency_seconds": 0.000307144,
        "flop_count": 939524096,
        "io_bytes": 536870912,
        "arithmetic_intensity": 1.75,
        "peak_compute_flops": 92405760000000.0,
        "peak_bandwidth_bytes": 2048000000000.0,
        "compute_utilization": 0.033102961107899946,
        "bandwidth_utilization": 0.8534889172505404,
        "bottleneck": "memory_bound",
        "compute_time": 1.0167375886524822e-05,
        "memory_time": 0.000262144
      },
      {
        "operator_name": "gelu",
        "latency_seconds": 0.001093576,
        "flop_count": 24159191040,
        "io_bytes": 2147483648,
        "arithmetic_intensity": 11.25,
        "peak_compute_flops": 92405760000000.0,
        "peak_bandwidth_bytes": 2048000000000.0,
        "compute_utilization": 0.23907511550238694,
        "bandwidth_utilization": 0.9588505965749067,
        "bottleneck": "memory_bound",
        "compute_time": 0.0002614468085106383,
        "memory_time": 0.001048576
      },
      {
        "operator_name": "allreduce_mha",
        "latency_seconds": 0.0,
        "flop_count": 0,
        "io_bytes": 0,
        "arithmetic_intensity": Infinity,
        "peak_compute_flops": 92405760000000.0,
        "peak_bandwidth_bytes": 2048000000000.0,
        "compute_utilization": 0.0,
        "bandwidth_utilization": 0.0,
        "bottleneck": "memory_bound",
        "compute_time": 0.0,
        "memory_time": 0.0
      },
      {
        "operator_name": "allreduce_ffn",
        "latency_seconds": 0.0,
        "flop_count": 0,
        "io_bytes": 0,
        "arithmetic_intensity": Infinity,
        "peak_compute_flops": 92405760000000.0,
        "peak_bandwidth_bytes": 2048000000000.0,
        "compute_utilization": 0.0,
        "bandwidth_utilization": 0.0,
        "bottleneck": "memory_bound",
        "compute_time": 0.0,
        "memory_time": 0.0
      }
    ]
  }
}