{
  "task_id": "SENS-SL_sl256_prefill",
  "model_name": "LLaMA-7B",
  "d_model": 4096,
  "n_heads": 32,
  "n_layers": 32,
  "batch_size": 8,
  "seq_len": 256,
  "phase": "prefill",
  "device_count": 1,
  "config_path": "configs/GA100.json",
  "total_latency_seconds": 0.002726236765957447,
  "dominant_bottleneck": "compute_bound",
  "peak_systolic_flops": 369623040000000.0,
  "peak_vector_flops": 92405760000000.0,
  "peak_hbm_bandwidth": 2048000000000.0,
  "ridge_point_systolic": 180.48,
  "ridge_point_vector": 45.12,
  "layer_report": {
    "layer_index": 0,
    "phase": "prefill",
    "total_latency_seconds": 0.002726236765957447,
    "dominant_bottleneck": "compute_bound",
    "compute_fraction": 0.8645664218858372,
    "memory_fraction": 0.13543357811416262,
    "operator_reports": [
      {
        "operator_name": "qkv_proj",
        "latency_seconds": 0.0006207531914893616,
        "flop_count": 206158430208,
        "io_bytes": 201326592,
        "arithmetic_intensity": 1024.0,
        "peak_compute_flops": 369623040000000.0,
        "peak_bandwidth_bytes": 2048000000000.0,
        "compute_utilization": 0.8985103888892698,
        "bandwidth_utilization": 0.1583624560417338,
        "bottleneck": "compute_bound",
        "compute_time": 0.0005577531914893617,
        "memory_time": 9.8304e-05
      },
      {
        "operator_name": "q_mul_k",
        "latency_seconds": 3.7384e-05,
        "flop_count": 4294967296,
        "io_bytes": 67108864,
        "arithmetic_intensity": 64.0,
        "peak_compute_flops": 369623040000000.0,
        "peak_bandwidth_bytes": 2048000000000.0,
        "compute_utilization": 0.310824367537673,
        "bandwidth_utilization": 0.876524716456238,
        "bottleneck": "memory_bound",
        "compute_time": 1.1619858156028369e-05,
        "memory_time": 3.2768e-05
      },
      {
        "operator_name": "a_mul_v",
        "latency_seconds": 3.7384e-05,
        "flop_count": 4294967296,
        "io_bytes": 67108864,
        "arithmetic_intensity": 64.0,
        "peak_compute_flops": 369623040000000.0,
        "peak_bandwidth_bytes": 2048000000000.0,
        "compute_utilization": 0.310824367537673,
        "bandwidth_utilization": 0.876524716456238,
        "bottleneck": "memory_bound",
        "compute_time": 1.1619858156028369e-05,
        "memory_time": 3.2768e-05
      },
      {
        "operator_name": "h_matmul0",
        "latency_seconds": 0.0002069177304964539,
        "flop_count": 68719476736,
        "io_bytes": 67108864,
        "arithmetic_intensity": 1024.0,
        "peak_compute_flops": 369623040000000.0,
        "peak_bandwidth_bytes": 2048000000000.0,
        "compute_utilization": 0.8985103888892697,
        "bandwidth_utilization": 0.1583624560417338,
        "bottleneck": "compute_bound",
        "compute_time": 0.0001859177304964539,
        "memory_time": 3.2768e-05
      },
      {
        "operator_name": "h_matmul1",
        "latency_seconds": 0.0007646709219858156,
        "flop_count": 274877906944,
        "io_bytes": 218103808,
        "arithmetic_intensity": 1260.3076923076924,
        "peak_compute_flops": 369623040000000.0,
        "peak_bandwidth_bytes": 2048000000000.0,
        "compute_utilization": 0.9725372060108367,
        "bandwidth_utilization": 0.13927036707952062,
        "bottleneck": "compute_bound",
        "compute_time": 0.0007436709219858156,
        "memory_time": 0.000106496
      },
      {
        "operator_name": "h_matmul2",
        "latency_seconds": 0.0007646709219858156,
        "flop_count": 274877906944,
        "io_bytes": 218103808,
        "arithmetic_intensity": 1260.3076923076924,
        "peak_compute_flops": 369623040000000.0,
        "peak_bandwidth_bytes": 2048000000000.0,
        "compute_utilization": 0.9725372060108367,
        "bandwidth_utilization": 0.13927036707952062,
        "bottleneck": "compute_bound",
        "compute_time": 0.0007436709219858156,
        "memory_time": 0.000106496
      },
      {
        "operator_name": "softmax",
        "latency_seconds": 6.1152e-05,
        "flop_count": 1879048192,
        "io_bytes": 100663296,
        "arithmetic_intensity": 18.666666666666668,
        "peak_compute_flops": 92405760000000.0,
        "peak_bandwidth_bytes": 2048000000000.0,
        "compute_utilization": 0.33252799210246015,
        "bandwidth_utilization": 0.8037676609105181,
        "bottleneck": "memory_bound",
        "compute_time": 2.0334751773049644e-05,
        "memory_time": 4.9152e-05
      },
      {
        "operator_name": "layernorm_0",
        "latency_seconds": 6.138400000000001e-05,
        "flop_count": 58720256,
        "io_bytes": 33554432,
        "arithmetic_intensity": 1.75,
        "peak_compute_flops": 92405760000000.0,
        "peak_bandwidth_bytes": 2048000000000.0,
        "compute_utilization": 0.010352225220054107,
        "bandwidth_utilization": 0.2669099439593379,
        "bottleneck": "memory_bound",
        "compute_time": 6.354609929078014e-07,
        "memory_time": 1.6384e-05
      },
      {
        "operator_name": "layernorm_1",
        "latency_seconds": 6.138400000000001e-05,
        "flop_count": 58720256,
        "io_bytes": 33554432,
        "arithmetic_intensity": 1.75,
        "peak_compute_flops": 92405760000000.0,
        "peak_bandwidth_bytes": 2048000000000.0,
        "compute_utilization": 0.010352225220054107,
        "bandwidth_utilization": 0.2669099439593379,
        "bottleneck": "memory_bound",
        "compute_time": 6.354609929078014e-07,
        "memory_time": 1.6384e-05
      },
      {
        "operator_name": "gelu",
        "latency_seconds": 0.000110536,
        "flop_count": 1509949440,
        "io_bytes": 134217728,
        "arithmetic_intensity": 11.25,
        "peak_compute_flops": 92405760000000.0,
        "peak_bandwidth_bytes": 2048000000000.0,
        "compute_utilization": 0.14782899265320704,
        "bandwidth_utilization": 0.5928928132011291,
        "bottleneck": "memory_bound",
        "compute_time": 1.6340425531914894e-05,
        "memory_time": 6.5536e-05
      },
      {
        "operator_name": "allreduce_mha",
        "latency_seconds": 0.0,
        "flop_count": 0,
        "io_bytes": 0,
        "arithmetic_intensity": Infinity,
        "peak_compute_flops": 92405760000000.0,
        "peak_bandwidth_bytes": 2048000000000.0,
        "compute_utilization": 0.0,
        "bandwidth_utilization": 0.0,
        "bottleneck": "memory_bound",
        "compute_time": 0.0,
        "memory_time": 0.0
      },
      {
        "operator_name": "allreduce_ffn",
        "latency_seconds": 0.0,
        "flop_count": 0,
        "io_bytes": 0,
        "arithmetic_intensity": Infinity,
        "peak_compute_flops": 92405760000000.0,
        "peak_bandwidth_bytes": 2048000000000.0,
        "compute_utilization": 0.0,
        "bandwidth_utilization": 0.0,
        "bottleneck": "memory_bound",
        "compute_time": 0.0,
        "memory_time": 0.0
      }
    ]
  }
}