{
  "task_id": "SENS-BS_bs16_prefill",
  "model_name": "LLaMA-7B",
  "d_model": 4096,
  "n_heads": 32,
  "n_layers": 32,
  "batch_size": 16,
  "seq_len": 1024,
  "phase": "prefill",
  "device_count": 1,
  "config_path": "configs/GA100.json",
  "total_latency_seconds": 0.02126606904964539,
  "dominant_bottleneck": "compute_bound",
  "peak_systolic_flops": 369623040000000.0,
  "peak_vector_flops": 92405760000000.0,
  "peak_hbm_bandwidth": 2048000000000.0,
  "ridge_point_systolic": 180.48,
  "ridge_point_vector": 45.12,
  "layer_report": {
    "layer_index": 0,
    "phase": "prefill",
    "total_latency_seconds": 0.02126606904964539,
    "dominant_bottleneck": "compute_bound",
    "compute_fraction": 0.8452009671227553,
    "memory_fraction": 0.15479903287724484,
    "operator_reports": [
      {
        "operator_name": "qkv_proj",
        "latency_seconds": 0.0045250255319148934,
        "flop_count": 1649267441664,
        "io_bytes": 905969664,
        "arithmetic_intensity": 1820.4444444444443,
        "peak_compute_flops": 369623040000000.0,
        "peak_bandwidth_bytes": 2048000000000.0,
        "compute_utilization": 0.9860774266231953,
        "bandwidth_utilization": 0.09776033237381522,
        "bottleneck": "compute_bound",
        "compute_time": 0.004462025531914894,
        "memory_time": 0.000442368
      },
      {
        "operator_name": "q_mul_k",
        "latency_seconds": 0.0003928354609929078,
        "flop_count": 137438953472,
        "io_bytes": 1342177280,
        "arithmetic_intensity": 102.4,
        "peak_compute_flops": 369623040000000.0,
        "peak_bandwidth_bytes": 2048000000000.0,
        "compute_utilization": 0.9465425042155775,
        "bandwidth_utilization": 1.0,
        "bottleneck": "memory_bound",
        "compute_time": 0.0003718354609929078,
        "memory_time": 0.00065536
      },
      {
        "operator_name": "a_mul_v",
        "latency_seconds": 0.0003928354609929078,
        "flop_count": 137438953472,
        "io_bytes": 1342177280,
        "arithmetic_intensity": 102.4,
        "peak_compute_flops": 369623040000000.0,
        "peak_bandwidth_bytes": 2048000000000.0,
        "compute_utilization": 0.9465425042155775,
        "bandwidth_utilization": 1.0,
        "bottleneck": "memory_bound",
        "compute_time": 0.0003718354609929078,
        "memory_time": 0.00065536
      },
      {
        "operator_name": "h_matmul0",
        "latency_seconds": 0.0015083418439716311,
        "flop_count": 549755813888,
        "io_bytes": 301989888,
        "arithmetic_intensity": 1820.4444444444443,
        "peak_compute_flops": 369623040000000.0,
        "peak_bandwidth_bytes": 2048000000000.0,
        "compute_utilization": 0.9860774266231953,
        "bandwidth_utilization": 0.09776033237381522,
        "bottleneck": "compute_bound",
        "compute_time": 0.0014873418439716312,
        "memory_time": 0.000147456
      },
      {
        "operator_name": "h_matmul1",
        "latency_seconds": 0.005970367375886525,
        "flop_count": 2199023255552,
        "io_bytes": 805306368,
        "arithmetic_intensity": 2730.6666666666665,
        "peak_compute_flops": 369623040000000.0,
        "peak_bandwidth_bytes": 2048000000000.0,
        "compute_utilization": 0.9964826285087889,
        "bandwidth_utilization": 0.06586127372800277,
        "bottleneck": "compute_bound",
        "compute_time": 0.005949367375886525,
        "memory_time": 0.000393216
      },
      {
        "operator_name": "h_matmul2",
        "latency_seconds": 0.005970367375886525,
        "flop_count": 2199023255552,
        "io_bytes": 805306368,
        "arithmetic_intensity": 2730.6666666666665,
        "peak_compute_flops": 369623040000000.0,
        "peak_bandwidth_bytes": 2048000000000.0,
        "compute_utilization": 0.9964826285087889,
        "bandwidth_utilization": 0.06586127372800277,
        "bottleneck": "compute_bound",
        "compute_time": 0.005949367375886525,
        "memory_time": 0.000393216
      },
      {
        "operator_name": "softmax",
        "latency_seconds": 0.001584864,
        "flop_count": 60129542144,
        "io_bytes": 3221225472,
        "arithmetic_intensity": 18.666666666666668,
        "peak_compute_flops": 92405760000000.0,
        "peak_bandwidth_bytes": 2048000000000.0,
        "compute_utilization": 0.4105791138782814,
        "bandwidth_utilization": 0.9924283724029317,
        "bottleneck": "memory_bound",
        "compute_time": 0.0006507120567375886,
        "memory_time": 0.001572864
      },
      {
        "operator_name": "layernorm_0",
        "latency_seconds": 0.00017607200000000002,
        "flop_count": 469762048,
        "io_bytes": 268435456,
        "arithmetic_intensity": 1.75,
        "peak_compute_flops": 92405760000000.0,
        "peak_bandwidth_bytes": 2048000000000.0,
        "compute_utilization": 0.028872778995311068,
        "bandwidth_utilization": 0.7444227361533917,
        "bottleneck": "memory_bound",
        "compute_time": 5.083687943262411e-06,
        "memory_time": 0.000131072
      },
      {
        "operator_name": "layernorm_1",
        "latency_seconds": 0.00017607200000000002,
        "flop_count": 469762048,
        "io_bytes": 268435456,
        "arithmetic_intensity": 1.75,
        "peak_compute_flops": 92405760000000.0,
        "peak_bandwidth_bytes": 2048000000000.0,
        "compute_utilization": 0.028872778995311068,
        "bandwidth_utilization": 0.7444227361533917,
        "bottleneck": "memory_bound",
        "compute_time": 5.083687943262411e-06,
        "memory_time": 0.000131072
      },
      {
        "operator_name": "gelu",
        "latency_seconds": 0.000569288,
        "flop_count": 12079595520,
        "io_bytes": 1073741824,
        "arithmetic_intensity": 11.25,
        "peak_compute_flops": 92405760000000.0,
        "peak_bandwidth_bytes": 2048000000000.0,
        "compute_utilization": 0.22962613695584508,
        "bandwidth_utilization": 0.9209538932842427,
        "bottleneck": "memory_bound",
        "compute_time": 0.00013072340425531915,
        "memory_time": 0.000524288
      },
      {
        "operator_name": "allreduce_mha",
        "latency_seconds": 0.0,
        "flop_count": 0,
        "io_bytes": 0,
        "arithmetic_intensity": Infinity,
        "peak_compute_flops": 92405760000000.0,
        "peak_bandwidth_bytes": 2048000000000.0,
        "compute_utilization": 0.0,
        "bandwidth_utilization": 0.0,
        "bottleneck": "memory_bound",
        "compute_time": 0.0,
        "memory_time": 0.0
      },
      {
        "operator_name": "allreduce_ffn",
        "latency_seconds": 0.0,
        "flop_count": 0,
        "io_bytes": 0,
        "arithmetic_intensity": Infinity,
        "peak_compute_flops": 92405760000000.0,
        "peak_bandwidth_bytes": 2048000000000.0,
        "compute_utilization": 0.0,
        "bandwidth_utilization": 0.0,
        "bottleneck": "memory_bound",
        "compute_time": 0.0,
        "memory_time": 0.0
      }
    ]
  }
}