{
  "task_id": "SENS-BS_bs8_prefill",
  "model_name": "LLaMA-7B",
  "d_model": 4096,
  "n_heads": 32,
  "n_layers": 32,
  "batch_size": 8,
  "seq_len": 1024,
  "phase": "prefill",
  "device_count": 1,
  "config_path": "configs/GA100.json",
  "total_latency_seconds": 0.010790534524822695,
  "dominant_bottleneck": "compute_bound",
  "peak_systolic_flops": 369623040000000.0,
  "peak_vector_flops": 92405760000000.0,
  "peak_hbm_bandwidth": 2048000000000.0,
  "ridge_point_systolic": 180.48,
  "ridge_point_vector": 45.12,
  "layer_report": {
    "layer_index": 0,
    "phase": "prefill",
    "total_latency_seconds": 0.010790534524822695,
    "dominant_bottleneck": "compute_bound",
    "compute_fraction": 0.8387027577745035,
    "memory_fraction": 0.16129724222549638,
    "operator_reports": [
      {
        "operator_name": "qkv_proj",
        "latency_seconds": 0.0022940127659574466,
        "flop_count": 824633720832,
        "io_bytes": 503316480,
        "arithmetic_intensity": 1638.4,
        "peak_compute_flops": 369623040000000.0,
        "peak_bandwidth_bytes": 2048000000000.0,
        "compute_utilization": 0.9725372060108368,
        "bandwidth_utilization": 0.10713105159963124,
        "bottleneck": "compute_bound",
        "compute_time": 0.002231012765957447,
        "memory_time": 0.00024576
      },
      {
        "operator_name": "q_mul_k",
        "latency_seconds": 0.0002069177304964539,
        "flop_count": 68719476736,
        "io_bytes": 671088640,
        "arithmetic_intensity": 102.4,
        "peak_compute_flops": 369623040000000.0,
        "peak_bandwidth_bytes": 2048000000000.0,
        "compute_utilization": 0.8985103888892697,
        "bandwidth_utilization": 1.0,
        "bottleneck": "memory_bound",
        "compute_time": 0.0001859177304964539,
        "memory_time": 0.00032768
      },
      {
        "operator_name": "a_mul_v",
        "latency_seconds": 0.0002069177304964539,
        "flop_count": 68719476736,
        "io_bytes": 671088640,
        "arithmetic_intensity": 102.4,
        "peak_compute_flops": 369623040000000.0,
        "peak_bandwidth_bytes": 2048000000000.0,
        "compute_utilization": 0.8985103888892697,
        "bandwidth_utilization": 1.0,
        "bottleneck": "memory_bound",
        "compute_time": 0.0001859177304964539,
        "memory_time": 0.00032768
      },
      {
        "operator_name": "h_matmul0",
        "latency_seconds": 0.0007646709219858156,
        "flop_count": 274877906944,
        "io_bytes": 167772160,
        "arithmetic_intensity": 1638.4,
        "peak_compute_flops": 369623040000000.0,
        "peak_bandwidth_bytes": 2048000000000.0,
        "compute_utilization": 0.9725372060108367,
        "bandwidth_utilization": 0.10713105159963124,
        "bottleneck": "compute_bound",
        "compute_time": 0.0007436709219858156,
        "memory_time": 8.192e-05
      },
      {
        "operator_name": "h_matmul1",
        "latency_seconds": 0.0029956836879432625,
        "flop_count": 1099511627776,
        "io_bytes": 469762048,
        "arithmetic_intensity": 2340.5714285714284,
        "peak_compute_flops": 369623040000000.0,
        "peak_bandwidth_bytes": 2048000000000.0,
        "compute_utilization": 0.9929899140938948,
        "bandwidth_utilization": 0.07656883165708392,
        "bottleneck": "compute_bound",
        "compute_time": 0.0029746836879432624,
        "memory_time": 0.000229376
      },
      {
        "operator_name": "h_matmul2",
        "latency_seconds": 0.0029956836879432625,
        "flop_count": 1099511627776,
        "io_bytes": 469762048,
        "arithmetic_intensity": 2340.5714285714284,
        "peak_compute_flops": 369623040000000.0,
        "peak_bandwidth_bytes": 2048000000000.0,
        "compute_utilization": 0.9929899140938948,
        "bandwidth_utilization": 0.07656883165708392,
        "bottleneck": "compute_bound",
        "compute_time": 0.0029746836879432624,
        "memory_time": 0.000229376
      },
      {
        "operator_name": "softmax",
        "latency_seconds": 0.000798432,
        "flop_count": 30064771072,
        "io_bytes": 1610612736,
        "arithmetic_intensity": 18.666666666666668,
        "peak_compute_flops": 92405760000000.0,
        "peak_bandwidth_bytes": 2048000000000.0,
        "compute_utilization": 0.40749372315838334,
        "bandwidth_utilization": 0.9849705422628352,
        "bottleneck": "memory_bound",
        "compute_time": 0.0003253560283687943,
        "memory_time": 0.000786432
      },
      {
        "operator_name": "layernorm_0",
        "latency_seconds": 0.000110536,
        "flop_count": 234881024,
        "io_bytes": 134217728,
        "arithmetic_intensity": 1.75,
        "peak_compute_flops": 92405760000000.0,
        "peak_bandwidth_bytes": 2048000000000.0,
        "compute_utilization": 0.02299562107938776,
        "bandwidth_utilization": 0.5928928132011291,
        "bottleneck": "memory_bound",
        "compute_time": 2.5418439716312055e-06,
        "memory_time": 6.5536e-05
      },
      {
        "operator_name": "layernorm_1",
        "latency_seconds": 0.000110536,
        "flop_count": 234881024,
        "io_bytes": 134217728,
        "arithmetic_intensity": 1.75,
        "peak_compute_flops": 92405760000000.0,
        "peak_bandwidth_bytes": 2048000000000.0,
        "compute_utilization": 0.02299562107938776,
        "bandwidth_utilization": 0.5928928132011291,
        "bottleneck": "memory_bound",
        "compute_time": 2.5418439716312055e-06,
        "memory_time": 6.5536e-05
      },
      {
        "operator_name": "gelu",
        "latency_seconds": 0.000307144,
        "flop_count": 6039797760,
        "io_bytes": 536870912,
        "arithmetic_intensity": 11.25,
        "peak_compute_flops": 92405760000000.0,
        "peak_bandwidth_bytes": 2048000000000.0,
        "compute_utilization": 0.2128047499793568,
        "bandwidth_utilization": 0.8534889172505404,
        "bottleneck": "memory_bound",
        "compute_time": 6.536170212765957e-05,
        "memory_time": 0.000262144
      },
      {
        "operator_name": "allreduce_mha",
        "latency_seconds": 0.0,
        "flop_count": 0,
        "io_bytes": 0,
        "arithmetic_intensity": Infinity,
        "peak_compute_flops": 92405760000000.0,
        "peak_bandwidth_bytes": 2048000000000.0,
        "compute_utilization": 0.0,
        "bandwidth_utilization": 0.0,
        "bottleneck": "memory_bound",
        "compute_time": 0.0,
        "memory_time": 0.0
      },
      {
        "operator_name": "allreduce_ffn",
        "latency_seconds": 0.0,
        "flop_count": 0,
        "io_bytes": 0,
        "arithmetic_intensity": Infinity,
        "peak_compute_flops": 92405760000000.0,
        "peak_bandwidth_bytes": 2048000000000.0,
        "compute_utilization": 0.0,
        "bandwidth_utilization": 0.0,
        "bottleneck": "memory_bound",
        "compute_time": 0.0,
        "memory_time": 0.0
      }
    ]
  }
}