{
  "task_id": "SENS-BS_bs64_prefill",
  "model_name": "LLaMA-7B",
  "d_model": 4096,
  "n_heads": 32,
  "n_layers": 32,
  "batch_size": 64,
  "seq_len": 1024,
  "phase": "prefill",
  "device_count": 1,
  "config_path": "configs/GA100.json",
  "total_latency_seconds": 0.08411927619858156,
  "dominant_bottleneck": "compute_bound",
  "peak_systolic_flops": 369623040000000.0,
  "peak_vector_flops": 92405760000000.0,
  "peak_hbm_bandwidth": 2048000000000.0,
  "ridge_point_systolic": 180.48,
  "ridge_point_vector": 45.12,
  "layer_report": {
    "layer_index": 0,
    "phase": "prefill",
    "total_latency_seconds": 0.08411927619858156,
    "dominant_bottleneck": "compute_bound",
    "compute_fraction": 0.850202376228295,
    "memory_fraction": 0.14979762377170505,
    "operator_reports": [
      {
        "operator_name": "qkv_proj",
        "latency_seconds": 0.017911102127659576,
        "flop_count": 6597069766656,
        "io_bytes": 3321888768,
        "arithmetic_intensity": 1985.939393939394,
        "peak_compute_flops": 369623040000000.0,
        "peak_bandwidth_bytes": 2048000000000.0,
        "compute_utilization": 0.9964826285087889,
        "bandwidth_utilization": 0.0905592513760038,
        "bottleneck": "compute_bound",
        "compute_time": 0.017848102127659575,
        "memory_time": 0.001622016
      },
      {
        "operator_name": "q_mul_k",
        "latency_seconds": 0.0015083418439716311,
        "flop_count": 549755813888,
        "io_bytes": 5368709120,
        "arithmetic_intensity": 102.4,
        "peak_compute_flops": 369623040000000.0,
        "peak_bandwidth_bytes": 2048000000000.0,
        "compute_utilization": 0.9860774266231953,
        "bandwidth_utilization": 1.0,
        "bottleneck": "memory_bound",
        "compute_time": 0.0014873418439716312,
        "memory_time": 0.00262144
      },
      {
        "operator_name": "a_mul_v",
        "latency_seconds": 0.0015083418439716311,
        "flop_count": 549755813888,
        "io_bytes": 5368709120,
        "arithmetic_intensity": 102.4,
        "peak_compute_flops": 369623040000000.0,
        "peak_bandwidth_bytes": 2048000000000.0,
        "compute_utilization": 0.9860774266231953,
        "bandwidth_utilization": 1.0,
        "bottleneck": "memory_bound",
        "compute_time": 0.0014873418439716312,
        "memory_time": 0.00262144
      },
      {
        "operator_name": "h_matmul0",
        "latency_seconds": 0.005970367375886525,
        "flop_count": 2199023255552,
        "io_bytes": 1107296256,
        "arithmetic_intensity": 1985.939393939394,
        "peak_compute_flops": 369623040000000.0,
        "peak_bandwidth_bytes": 2048000000000.0,
        "compute_utilization": 0.9964826285087889,
        "bandwidth_utilization": 0.09055925137600379,
        "bottleneck": "compute_bound",
        "compute_time": 0.005949367375886525,
        "memory_time": 0.000540672
      },
      {
        "operator_name": "h_matmul1",
        "latency_seconds": 0.0238184695035461,
        "flop_count": 8796093022208,
        "io_bytes": 2818572288,
        "arithmetic_intensity": 3120.7619047619046,
        "peak_compute_flops": 369623040000000.0,
        "peak_bandwidth_bytes": 2048000000000.0,
        "compute_utilization": 0.9991183312598287,
        "bandwidth_utilization": 0.05778104255586627,
        "bottleneck": "compute_bound",
        "compute_time": 0.0237974695035461,
        "memory_time": 0.001376256
      },
      {
        "operator_name": "h_matmul2",
        "latency_seconds": 0.0238184695035461,
        "flop_count": 8796093022208,
        "io_bytes": 2818572288,
        "arithmetic_intensity": 3120.7619047619046,
        "peak_compute_flops": 369623040000000.0,
        "peak_bandwidth_bytes": 2048000000000.0,
        "compute_utilization": 0.9991183312598287,
        "bandwidth_utilization": 0.05778104255586627,
        "bottleneck": "compute_bound",
        "compute_time": 0.0237974695035461,
        "memory_time": 0.001376256
      },
      {
        "operator_name": "softmax",
        "latency_seconds": 0.006303456,
        "flop_count": 240518168576,
        "io_bytes": 12884901888,
        "arithmetic_intensity": 18.666666666666668,
        "peak_compute_flops": 92405760000000.0,
        "peak_bandwidth_bytes": 2048000000000.0,
        "compute_utilization": 0.41292399390911183,
        "bandwidth_utilization": 0.9980962824203105,
        "bottleneck": "memory_bound",
        "compute_time": 0.0026028482269503544,
        "memory_time": 0.006291456
      },
      {
        "operator_name": "layernorm_0",
        "latency_seconds": 0.000569288,
        "flop_count": 1879048192,
        "io_bytes": 1073741824,
        "arithmetic_intensity": 1.75,
        "peak_compute_flops": 92405760000000.0,
        "peak_bandwidth_bytes": 2048000000000.0,
        "compute_utilization": 0.03571962130424257,
        "bandwidth_utilization": 0.9209538932842427,
        "bottleneck": "memory_bound",
        "compute_time": 2.0334751773049644e-05,
        "memory_time": 0.000524288
      },
      {
        "operator_name": "layernorm_1",
        "latency_seconds": 0.000569288,
        "flop_count": 1879048192,
        "io_bytes": 1073741824,
        "arithmetic_intensity": 1.75,
        "peak_compute_flops": 92405760000000.0,
        "peak_bandwidth_bytes": 2048000000000.0,
        "compute_utilization": 0.03571962130424257,
        "bandwidth_utilization": 0.9209538932842427,
        "bottleneck": "memory_bound",
        "compute_time": 2.0334751773049644e-05,
        "memory_time": 0.000524288
      },
      {
        "operator_name": "gelu",
        "latency_seconds": 0.002142152,
        "flop_count": 48318382080,
        "io_bytes": 4294967296,
        "arithmetic_intensity": 11.25,
        "peak_compute_flops": 92405760000000.0,
        "peak_bandwidth_bytes": 2048000000000.0,
        "compute_utilization": 0.24409734557644677,
        "bandwidth_utilization": 0.9789930873252692,
        "bottleneck": "memory_bound",
        "compute_time": 0.0005228936170212766,
        "memory_time": 0.002097152
      },
      {
        "operator_name": "allreduce_mha",
        "latency_seconds": 0.0,
        "flop_count": 0,
        "io_bytes": 0,
        "arithmetic_intensity": Infinity,
        "peak_compute_flops": 92405760000000.0,
        "peak_bandwidth_bytes": 2048000000000.0,
        "compute_utilization": 0.0,
        "bandwidth_utilization": 0.0,
        "bottleneck": "memory_bound",
        "compute_time": 0.0,
        "memory_time": 0.0
      },
      {
        "operator_name": "allreduce_ffn",
        "latency_seconds": 0.0,
        "flop_count": 0,
        "io_bytes": 0,
        "arithmetic_intensity": Infinity,
        "peak_compute_flops": 92405760000000.0,
        "peak_bandwidth_bytes": 2048000000000.0,
        "compute_utilization": 0.0,
        "bandwidth_utilization": 0.0,
        "bottleneck": "memory_bound",
        "compute_time": 0.0,
        "memory_time": 0.0
      }
    ]
  }
}