{
  "task_id": "SENS-BS_bs16_decode",
  "model_name": "LLaMA-7B",
  "d_model": 4096,
  "n_heads": 32,
  "n_layers": 32,
  "batch_size": 16,
  "seq_len": 1024,
  "phase": "decode",
  "device_count": 1,
  "config_path": "configs/GA100.json",
  "total_latency_seconds": 0.000482362,
  "dominant_bottleneck": "memory_bound",
  "peak_systolic_flops": 369623040000000.0,
  "peak_vector_flops": 92405760000000.0,
  "peak_hbm_bandwidth": 2048000000000.0,
  "ridge_point_systolic": 180.48,
  "ridge_point_vector": 45.12,
  "layer_report": {
    "layer_index": 0,
    "phase": "decode",
    "total_latency_seconds": 0.000482362,
    "dominant_bottleneck": "memory_bound",
    "compute_fraction": 0.0,
    "memory_fraction": 1.0,
    "operator_reports": [
      {
        "operator_name": "qkv_proj",
        "latency_seconds": 8.7768e-05,
        "flop_count": 1610612736,
        "io_bytes": 101449728,
        "arithmetic_intensity": 15.875968992248062,
        "peak_compute_flops": 369623040000000.0,
        "peak_bandwidth_bytes": 2048000000000.0,
        "compute_utilization": 0.049647329419727444,
        "bandwidth_utilization": 0.5643970467596391,
        "bottleneck": "memory_bound",
        "compute_time": 4.3574468085106384e-06,
        "memory_time": 4.9536e-05
      },
      {
        "operator_name": "q_mul_k",
        "latency_seconds": 5.4088250000000005e-05,
        "flop_count": 134348800,
        "io_bytes": 135529472,
        "arithmetic_intensity": 0.9912884483162452,
        "peak_compute_flops": 369623040000000.0,
        "peak_bandwidth_bytes": 2048000000000.0,
        "compute_utilization": 0.006720039515143575,
        "bandwidth_utilization": 1.0,
        "bottleneck": "memory_bound",
        "compute_time": 3.634751773049645e-07,
        "memory_time": 6.61765e-05
      },
      {
        "operator_name": "a_mul_v",
        "latency_seconds": 5.4088250000000005e-05,
        "flop_count": 134348800,
        "io_bytes": 135529472,
        "arithmetic_intensity": 0.9912884483162452,
        "peak_compute_flops": 369623040000000.0,
        "peak_bandwidth_bytes": 2048000000000.0,
        "compute_utilization": 0.006720039515143575,
        "bandwidth_utilization": 1.0,
        "bottleneck": "memory_bound",
        "compute_time": 3.634751773049645e-07,
        "memory_time": 6.61765e-05
      },
      {
        "operator_name": "h_matmul0",
        "latency_seconds": 2.9256e-05,
        "flop_count": 536870912,
        "io_bytes": 33816576,
        "arithmetic_intensity": 15.875968992248062,
        "peak_compute_flops": 369623040000000.0,
        "peak_bandwidth_bytes": 2048000000000.0,
        "compute_utilization": 0.049647329419727444,
        "bandwidth_utilization": 0.5643970467596391,
        "bottleneck": "memory_bound",
        "compute_time": 1.452482269503546e-06,
        "memory_time": 1.6512e-05
      },
      {
        "operator_name": "h_matmul1",
        "latency_seconds": 5.3928e-05,
        "flop_count": 2147483648,
        "io_bytes": 134873088,
        "arithmetic_intensity": 15.922254616132166,
        "peak_compute_flops": 369623040000000.0,
        "peak_bandwidth_bytes": 2048000000000.0,
        "compute_utilization": 0.10773492579020516,
        "bandwidth_utilization": 1.0,
        "bottleneck": "memory_bound",
        "compute_time": 5.809929078014184e-06,
        "memory_time": 6.5856e-05
      },
      {
        "operator_name": "h_matmul2",
        "latency_seconds": 5.3928e-05,
        "flop_count": 2147483648,
        "io_bytes": 134873088,
        "arithmetic_intensity": 15.922254616132166,
        "peak_compute_flops": 369623040000000.0,
        "peak_bandwidth_bytes": 2048000000000.0,
        "compute_utilization": 0.10773492579020516,
        "bandwidth_utilization": 1.0,
        "bottleneck": "memory_bound",
        "compute_time": 5.809929078014184e-06,
        "memory_time": 6.5856e-05
      },
      {
        "operator_name": "softmax",
        "latency_seconds": 1.35375e-05,
        "flop_count": 58777600,
        "io_bytes": 3148800,
        "arithmetic_intensity": 18.666666666666668,
        "peak_compute_flops": 92405760000000.0,
        "peak_bandwidth_bytes": 2048000000000.0,
        "compute_utilization": 0.04698663418531397,
        "bandwidth_utilization": 0.11357340720221606,
        "bottleneck": "memory_bound",
        "compute_time": 6.360815602836879e-07,
        "memory_time": 1.5375e-06
      },
      {
        "operator_name": "layernorm_0",
        "latency_seconds": 4.5128000000000006e-05,
        "flop_count": 458752,
        "io_bytes": 262144,
        "arithmetic_intensity": 1.75,
        "peak_compute_flops": 92405760000000.0,
        "peak_bandwidth_bytes": 2048000000000.0,
        "compute_utilization": 0.00011001017122611677,
        "bandwidth_utilization": 0.0028363765289842226,
        "bottleneck": "memory_bound",
        "compute_time": 4.964539007092198e-09,
        "memory_time": 1.28e-07
      },
      {
        "operator_name": "layernorm_1",
        "latency_seconds": 4.5128000000000006e-05,
        "flop_count": 458752,
        "io_bytes": 262144,
        "arithmetic_intensity": 1.75,
        "peak_compute_flops": 92405760000000.0,
        "peak_bandwidth_bytes": 2048000000000.0,
        "compute_utilization": 0.00011001017122611677,
        "bandwidth_utilization": 0.0028363765289842226,
        "bottleneck": "memory_bound",
        "compute_time": 4.964539007092198e-09,
        "memory_time": 1.28e-07
      },
      {
        "operator_name": "gelu",
        "latency_seconds": 4.5512e-05,
        "flop_count": 11796480,
        "io_bytes": 1048576,
        "arithmetic_intensity": 11.25,
        "peak_compute_flops": 92405760000000.0,
        "peak_bandwidth_bytes": 2048000000000.0,
        "compute_utilization": 0.0028049651623326837,
        "bandwidth_utilization": 0.011249780277728952,
        "bottleneck": "memory_bound",
        "compute_time": 1.276595744680851e-07,
        "memory_time": 5.12e-07
      },
      {
        "operator_name": "allreduce_mha",
        "latency_seconds": 0.0,
        "flop_count": 0,
        "io_bytes": 0,
        "arithmetic_intensity": Infinity,
        "peak_compute_flops": 92405760000000.0,
        "peak_bandwidth_bytes": 2048000000000.0,
        "compute_utilization": 0.0,
        "bandwidth_utilization": 0.0,
        "bottleneck": "memory_bound",
        "compute_time": 0.0,
        "memory_time": 0.0
      },
      {
        "operator_name": "allreduce_ffn",
        "latency_seconds": 0.0,
        "flop_count": 0,
        "io_bytes": 0,
        "arithmetic_intensity": Infinity,
        "peak_compute_flops": 92405760000000.0,
        "peak_bandwidth_bytes": 2048000000000.0,
        "compute_utilization": 0.0,
        "bandwidth_utilization": 0.0,
        "bottleneck": "memory_bound",
        "compute_time": 0.0,
        "memory_time": 0.0
      }
    ]
  }
}