{
  "task_id": "SENS-BS_bs64_decode",
  "model_name": "LLaMA-7B",
  "d_model": 4096,
  "n_heads": 32,
  "n_layers": 32,
  "batch_size": 64,
  "seq_len": 1024,
  "phase": "decode",
  "device_count": 1,
  "config_path": "configs/GA100.json",
  "total_latency_seconds": 0.0006895359999999999,
  "dominant_bottleneck": "memory_bound",
  "peak_systolic_flops": 369623040000000.0,
  "peak_vector_flops": 92405760000000.0,
  "peak_hbm_bandwidth": 2048000000000.0,
  "ridge_point_systolic": 180.48,
  "ridge_point_vector": 45.12,
  "layer_report": {
    "layer_index": 0,
    "phase": "decode",
    "total_latency_seconds": 0.0006895359999999999,
    "dominant_bottleneck": "memory_bound",
    "compute_fraction": 0.0,
    "memory_fraction": 1.0000000000000002,
    "operator_reports": [
      {
        "operator_name": "qkv_proj",
        "latency_seconds": 8.834399999999999e-05,
        "flop_count": 6442450944,
        "io_bytes": 103809024,
        "arithmetic_intensity": 62.06060606060606,
        "peak_compute_flops": 369623040000000.0,
        "peak_bandwidth_bytes": 2048000000000.0,
        "compute_utilization": 0.19729452180162269,
        "bandwidth_utilization": 0.573757131214344,
        "bottleneck": "memory_bound",
        "compute_time": 1.7429787234042554e-05,
        "memory_time": 5.0688e-05
      },
      {
        "operator_name": "q_mul_k",
        "latency_seconds": 0.000153353,
        "flop_count": 537395200,
        "io_bytes": 542117888,
        "arithmetic_intensity": 0.9912884483162452,
        "peak_compute_flops": 369623040000000.0,
        "peak_bandwidth_bytes": 2048000000000.0,
        "compute_utilization": 0.009480745138470444,
        "bandwidth_utilization": 1.0,
        "bottleneck": "memory_bound",
        "compute_time": 1.453900709219858e-06,
        "memory_time": 0.000264706
      },
      {
        "operator_name": "a_mul_v",
        "latency_seconds": 0.000153353,
        "flop_count": 537395200,
        "io_bytes": 542117888,
        "arithmetic_intensity": 0.9912884483162452,
        "peak_compute_flops": 369623040000000.0,
        "peak_bandwidth_bytes": 2048000000000.0,
        "compute_utilization": 0.009480745138470444,
        "bandwidth_utilization": 1.0,
        "bottleneck": "memory_bound",
        "compute_time": 1.453900709219858e-06,
        "memory_time": 0.000264706
      },
      {
        "operator_name": "h_matmul0",
        "latency_seconds": 2.9448e-05,
        "flop_count": 2147483648,
        "io_bytes": 34603008,
        "arithmetic_intensity": 62.06060606060606,
        "peak_compute_flops": 369623040000000.0,
        "peak_bandwidth_bytes": 2048000000000.0,
        "compute_utilization": 0.19729452180162266,
        "bandwidth_utilization": 0.5737571312143439,
        "bottleneck": "memory_bound",
        "compute_time": 5.809929078014184e-06,
        "memory_time": 1.6896e-05
      },
      {
        "operator_name": "h_matmul1",
        "latency_seconds": 5.4408e-05,
        "flop_count": 8589934592,
        "io_bytes": 136839168,
        "arithmetic_intensity": 62.77394636015325,
        "peak_compute_flops": 369623040000000.0,
        "peak_bandwidth_bytes": 2048000000000.0,
        "compute_utilization": 0.4271378531108796,
        "bandwidth_utilization": 1.0,
        "bottleneck": "memory_bound",
        "compute_time": 2.3239716312056737e-05,
        "memory_time": 6.6816e-05
      },
      {
        "operator_name": "h_matmul2",
        "latency_seconds": 5.4408e-05,
        "flop_count": 8589934592,
        "io_bytes": 136839168,
        "arithmetic_intensity": 62.77394636015325,
        "peak_compute_flops": 369623040000000.0,
        "peak_bandwidth_bytes": 2048000000000.0,
        "compute_utilization": 0.4271378531108796,
        "bandwidth_utilization": 1.0,
        "bottleneck": "memory_bound",
        "compute_time": 2.3239716312056737e-05,
        "memory_time": 6.6816e-05
      },
      {
        "operator_name": "softmax",
        "latency_seconds": 1.815e-05,
        "flop_count": 235110400,
        "io_bytes": 12595200,
        "arithmetic_intensity": 18.666666666666668,
        "peak_compute_flops": 92405760000000.0,
        "peak_bandwidth_bytes": 2048000000000.0,
        "compute_utilization": 0.14018326397436648,
        "bandwidth_utilization": 0.33884297520661155,
        "bottleneck": "memory_bound",
        "compute_time": 2.5443262411347517e-06,
        "memory_time": 6.15e-06
      },
      {
        "operator_name": "layernorm_0",
        "latency_seconds": 4.5512e-05,
        "flop_count": 1835008,
        "io_bytes": 1048576,
        "arithmetic_intensity": 1.75,
        "peak_compute_flops": 92405760000000.0,
        "peak_bandwidth_bytes": 2048000000000.0,
        "compute_utilization": 0.0004363279141406397,
        "bandwidth_utilization": 0.011249780277728952,
        "bottleneck": "memory_bound",
        "compute_time": 1.9858156028368793e-08,
        "memory_time": 5.12e-07
      },
      {
        "operator_name": "layernorm_1",
        "latency_seconds": 4.5512e-05,
        "flop_count": 1835008,
        "io_bytes": 1048576,
        "arithmetic_intensity": 1.75,
        "peak_compute_flops": 92405760000000.0,
        "peak_bandwidth_bytes": 2048000000000.0,
        "compute_utilization": 0.0004363279141406397,
        "bandwidth_utilization": 0.011249780277728952,
        "bottleneck": "memory_bound",
        "compute_time": 1.9858156028368793e-08,
        "memory_time": 5.12e-07
      },
      {
        "operator_name": "gelu",
        "latency_seconds": 4.7048e-05,
        "flop_count": 47185920,
        "io_bytes": 4194304,
        "arithmetic_intensity": 11.25,
        "peak_compute_flops": 92405760000000.0,
        "peak_bandwidth_bytes": 2048000000000.0,
        "compute_utilization": 0.010853560148621417,
        "bandwidth_utilization": 0.043530011902737635,
        "bottleneck": "memory_bound",
        "compute_time": 5.106382978723404e-07,
        "memory_time": 2.048e-06
      },
      {
        "operator_name": "allreduce_mha",
        "latency_seconds": 0.0,
        "flop_count": 0,
        "io_bytes": 0,
        "arithmetic_intensity": Infinity,
        "peak_compute_flops": 92405760000000.0,
        "peak_bandwidth_bytes": 2048000000000.0,
        "compute_utilization": 0.0,
        "bandwidth_utilization": 0.0,
        "bottleneck": "memory_bound",
        "compute_time": 0.0,
        "memory_time": 0.0
      },
      {
        "operator_name": "allreduce_ffn",
        "latency_seconds": 0.0,
        "flop_count": 0,
        "io_bytes": 0,
        "arithmetic_intensity": Infinity,
        "peak_compute_flops": 92405760000000.0,
        "peak_bandwidth_bytes": 2048000000000.0,
        "compute_utilization": 0.0,
        "bandwidth_utilization": 0.0,
        "bottleneck": "memory_bound",
        "compute_time": 0.0,
        "memory_time": 0.0
      }
    ]
  }
}