{
  "task_id": "SENS-SL_sl4096_prefill",
  "model_name": "LLaMA-7B",
  "d_model": 4096,
  "n_heads": 32,
  "n_layers": 32,
  "batch_size": 8,
  "seq_len": 4096,
  "phase": "prefill",
  "device_count": 1,
  "config_path": "configs/GA100.json",
  "total_latency_seconds": 0.05611634763120567,
  "dominant_bottleneck": "compute_bound",
  "peak_systolic_flops": 369623040000000.0,
  "peak_vector_flops": 92405760000000.0,
  "peak_hbm_bandwidth": 2048000000000.0,
  "ridge_point_systolic": 180.48,
  "ridge_point_vector": 45.12,
  "layer_report": {
    "layer_index": 0,
    "phase": "prefill",
    "total_latency_seconds": 0.05611634763120567,
    "dominant_bottleneck": "compute_bound",
    "compute_fraction": 0.6383559473745727,
    "memory_fraction": 0.3616440526254275,
    "operator_reports": [
      {
        "operator_name": "qkv_proj",
        "latency_seconds": 0.008987051063829788,
        "flop_count": 3298534883328,
        "io_bytes": 1711276032,
        "arithmetic_intensity": 1927.5294117647059,
        "peak_compute_flops": 369623040000000.0,
        "peak_bandwidth_bytes": 2048000000000.0,
        "compute_utilization": 0.9929899140938948,
        "bandwidth_utilization": 0.09297643844074475,
        "bottleneck": "compute_bound",
        "compute_time": 0.008924051063829787,
        "memory_time": 0.000835584
      },
      {
        "operator_name": "q_mul_k",
        "latency_seconds": 0.0029956836879432625,
        "flop_count": 1099511627776,
        "io_bytes": 9126805504,
        "arithmetic_intensity": 120.47058823529412,
        "peak_compute_flops": 369623040000000.0,
        "peak_bandwidth_bytes": 2048000000000.0,
        "compute_utilization": 0.9929899140938948,
        "bandwidth_utilization": 1.0,
        "bottleneck": "memory_bound",
        "compute_time": 0.0029746836879432624,
        "memory_time": 0.004456448
      },
      {
        "operator_name": "a_mul_v",
        "latency_seconds": 0.0029956836879432625,
        "flop_count": 1099511627776,
        "io_bytes": 9126805504,
        "arithmetic_intensity": 120.47058823529412,
        "peak_compute_flops": 369623040000000.0,
        "peak_bandwidth_bytes": 2048000000000.0,
        "compute_utilization": 0.9929899140938948,
        "bandwidth_utilization": 1.0,
        "bottleneck": "memory_bound",
        "compute_time": 0.0029746836879432624,
        "memory_time": 0.004456448
      },
      {
        "operator_name": "h_matmul0",
        "latency_seconds": 0.0029956836879432625,
        "flop_count": 1099511627776,
        "io_bytes": 570425344,
        "arithmetic_intensity": 1927.5294117647059,
        "peak_compute_flops": 369623040000000.0,
        "peak_bandwidth_bytes": 2048000000000.0,
        "compute_utilization": 0.9929899140938948,
        "bandwidth_utilization": 0.09297643844074477,
        "bottleneck": "compute_bound",
        "compute_time": 0.0029746836879432624,
        "memory_time": 0.000278528
      },
      {
        "operator_name": "h_matmul1",
        "latency_seconds": 0.01191973475177305,
        "flop_count": 4398046511104,
        "io_bytes": 1476395008,
        "arithmetic_intensity": 2978.909090909091,
        "peak_compute_flops": 369623040000000.0,
        "peak_bandwidth_bytes": 2048000000000.0,
        "compute_utilization": 0.9982382158296873,
        "bandwidth_utilization": 0.06047919815436894,
        "bottleneck": "compute_bound",
        "compute_time": 0.01189873475177305,
        "memory_time": 0.000720896
      },
      {
        "operator_name": "h_matmul2",
        "latency_seconds": 0.01191973475177305,
        "flop_count": 4398046511104,
        "io_bytes": 1476395008,
        "arithmetic_intensity": 2978.909090909091,
        "peak_compute_flops": 369623040000000.0,
        "peak_bandwidth_bytes": 2048000000000.0,
        "compute_utilization": 0.9982382158296873,
        "bandwidth_utilization": 0.06047919815436894,
        "bottleneck": "compute_bound",
        "compute_time": 0.01189873475177305,
        "memory_time": 0.000720896
      },
      {
        "operator_name": "softmax",
        "latency_seconds": 0.012594912,
        "flop_count": 481036337152,
        "io_bytes": 25769803776,
        "arithmetic_intensity": 18.666666666666668,
        "peak_compute_flops": 92405760000000.0,
        "peak_bandwidth_bytes": 2048000000000.0,
        "compute_utilization": 0.41331741372235936,
        "bandwidth_utilization": 0.9990472343117602,
        "bottleneck": "memory_bound",
        "compute_time": 0.005205696453900709,
        "memory_time": 0.012582912
      },
      {
        "operator_name": "layernorm_0",
        "latency_seconds": 0.000307144,
        "flop_count": 939524096,
        "io_bytes": 536870912,
        "arithmetic_intensity": 1.75,
        "peak_compute_flops": 92405760000000.0,
        "peak_bandwidth_bytes": 2048000000000.0,
        "compute_utilization": 0.033102961107899946,
        "bandwidth_utilization": 0.8534889172505404,
        "bottleneck": "memory_bound",
        "compute_time": 1.0167375886524822e-05,
        "memory_time": 0.000262144
      },
      {
        "operator_name": "layernorm_1",
        "latency_seconds": 0.000307144,
        "flop_count": 939524096,
        "io_bytes": 536870912,
        "arithmetic_intensity": 1.75,
        "peak_compute_flops": 92405760000000.0,
        "peak_bandwidth_bytes": 2048000000000.0,
        "compute_utilization": 0.033102961107899946,
        "bandwidth_utilization": 0.8534889172505404,
        "bottleneck": "memory_bound",
        "compute_time": 1.0167375886524822e-05,
        "memory_time": 0.000262144
      },
      {
        "operator_name": "gelu",
        "latency_seconds": 0.001093576,
        "flop_count": 24159191040,
        "io_bytes": 2147483648,
        "arithmetic_intensity": 11.25,
        "peak_compute_flops": 92405760000000.0,
        "peak_bandwidth_bytes": 2048000000000.0,
        "compute_utilization": 0.23907511550238694,
        "bandwidth_utilization": 0.9588505965749067,
        "bottleneck": "memory_bound",
        "compute_time": 0.0002614468085106383,
        "memory_time": 0.001048576
      },
      {
        "operator_name": "allreduce_mha",
        "latency_seconds": 0.0,
        "flop_count": 0,
        "io_bytes": 0,
        "arithmetic_intensity": Infinity,
        "peak_compute_flops": 92405760000000.0,
        "peak_bandwidth_bytes": 2048000000000.0,
        "compute_utilization": 0.0,
        "bandwidth_utilization": 0.0,
        "bottleneck": "memory_bound",
        "compute_time": 0.0,
        "memory_time": 0.0
      },
      {
        "operator_name": "allreduce_ffn",
        "latency_seconds": 0.0,
        "flop_count": 0,
        "io_bytes": 0,
        "arithmetic_intensity": Infinity,
        "peak_compute_flops": 92405760000000.0,
        "peak_bandwidth_bytes": 2048000000000.0,
        "compute_utilization": 0.0,
        "bandwidth_utilization": 0.0,
        "bottleneck": "memory_bound",
        "compute_time": 0.0,
        "memory_time": 0.0
      }
    ]
  }
}