{
  "task_id": "SENS-BS_bs32_prefill",
  "model_name": "LLaMA-7B",
  "d_model": 4096,
  "n_heads": 32,
  "n_layers": 32,
  "batch_size": 32,
  "seq_len": 1024,
  "phase": "prefill",
  "device_count": 1,
  "config_path": "configs/GA100.json",
  "total_latency_seconds": 0.042217138099290785,
  "dominant_bottleneck": "compute_bound",
  "peak_systolic_flops": 369623040000000.0,
  "peak_vector_flops": 92405760000000.0,
  "peak_hbm_bandwidth": 2048000000000.0,
  "ridge_point_systolic": 180.48,
  "ridge_point_vector": 45.12,
  "layer_report": {
    "layer_index": 0,
    "phase": "prefill",
    "total_latency_seconds": 0.042217138099290785,
    "dominant_bottleneck": "compute_bound",
    "compute_fraction": 0.848522800647184,
    "memory_fraction": 0.15147719935281592,
    "operator_reports": [
      {
        "operator_name": "qkv_proj",
        "latency_seconds": 0.008987051063829788,
        "flop_count": 3298534883328,
        "io_bytes": 1711276032,
        "arithmetic_intensity": 1927.5294117647059,
        "peak_compute_flops": 369623040000000.0,
        "peak_bandwidth_bytes": 2048000000000.0,
        "compute_utilization": 0.9929899140938948,
        "bandwidth_utilization": 0.09297643844074475,
        "bottleneck": "compute_bound",
        "compute_time": 0.008924051063829787,
        "memory_time": 0.000835584
      },
      {
        "operator_name": "q_mul_k",
        "latency_seconds": 0.0007646709219858156,
        "flop_count": 274877906944,
        "io_bytes": 2684354560,
        "arithmetic_intensity": 102.4,
        "peak_compute_flops": 369623040000000.0,
        "peak_bandwidth_bytes": 2048000000000.0,
        "compute_utilization": 0.9725372060108367,
        "bandwidth_utilization": 1.0,
        "bottleneck": "memory_bound",
        "compute_time": 0.0007436709219858156,
        "memory_time": 0.00131072
      },
      {
        "operator_name": "a_mul_v",
        "latency_seconds": 0.0007646709219858156,
        "flop_count": 274877906944,
        "io_bytes": 2684354560,
        "arithmetic_intensity": 102.4,
        "peak_compute_flops": 369623040000000.0,
        "peak_bandwidth_bytes": 2048000000000.0,
        "compute_utilization": 0.9725372060108367,
        "bandwidth_utilization": 1.0,
        "bottleneck": "memory_bound",
        "compute_time": 0.0007436709219858156,
        "memory_time": 0.00131072
      },
      {
        "operator_name": "h_matmul0",
        "latency_seconds": 0.0029956836879432625,
        "flop_count": 1099511627776,
        "io_bytes": 570425344,
        "arithmetic_intensity": 1927.5294117647059,
        "peak_compute_flops": 369623040000000.0,
        "peak_bandwidth_bytes": 2048000000000.0,
        "compute_utilization": 0.9929899140938948,
        "bandwidth_utilization": 0.09297643844074477,
        "bottleneck": "compute_bound",
        "compute_time": 0.0029746836879432624,
        "memory_time": 0.000278528
      },
      {
        "operator_name": "h_matmul1",
        "latency_seconds": 0.01191973475177305,
        "flop_count": 4398046511104,
        "io_bytes": 1476395008,
        "arithmetic_intensity": 2978.909090909091,
        "peak_compute_flops": 369623040000000.0,
        "peak_bandwidth_bytes": 2048000000000.0,
        "compute_utilization": 0.9982382158296873,
        "bandwidth_utilization": 0.06047919815436894,
        "bottleneck": "compute_bound",
        "compute_time": 0.01189873475177305,
        "memory_time": 0.000720896
      },
      {
        "operator_name": "h_matmul2",
        "latency_seconds": 0.01191973475177305,
        "flop_count": 4398046511104,
        "io_bytes": 1476395008,
        "arithmetic_intensity": 2978.909090909091,
        "peak_compute_flops": 369623040000000.0,
        "peak_bandwidth_bytes": 2048000000000.0,
        "compute_utilization": 0.9982382158296873,
        "bandwidth_utilization": 0.06047919815436894,
        "bottleneck": "compute_bound",
        "compute_time": 0.01189873475177305,
        "memory_time": 0.000720896
      },
      {
        "operator_name": "softmax",
        "latency_seconds": 0.003157728,
        "flop_count": 120259084288,
        "io_bytes": 6442450944,
        "arithmetic_intensity": 18.666666666666668,
        "peak_compute_flops": 92405760000000.0,
        "peak_bandwidth_bytes": 2048000000000.0,
        "compute_utilization": 0.4121393968939621,
        "bandwidth_utilization": 0.9961997993494057,
        "bottleneck": "memory_bound",
        "compute_time": 0.0013014241134751772,
        "memory_time": 0.003145728
      },
      {
        "operator_name": "layernorm_0",
        "latency_seconds": 0.000307144,
        "flop_count": 939524096,
        "io_bytes": 536870912,
        "arithmetic_intensity": 1.75,
        "peak_compute_flops": 92405760000000.0,
        "peak_bandwidth_bytes": 2048000000000.0,
        "compute_utilization": 0.033102961107899946,
        "bandwidth_utilization": 0.8534889172505404,
        "bottleneck": "memory_bound",
        "compute_time": 1.0167375886524822e-05,
        "memory_time": 0.000262144
      },
      {
        "operator_name": "layernorm_1",
        "latency_seconds": 0.000307144,
        "flop_count": 939524096,
        "io_bytes": 536870912,
        "arithmetic_intensity": 1.75,
        "peak_compute_flops": 92405760000000.0,
        "peak_bandwidth_bytes": 2048000000000.0,
        "compute_utilization": 0.033102961107899946,
        "bandwidth_utilization": 0.8534889172505404,
        "bottleneck": "memory_bound",
        "compute_time": 1.0167375886524822e-05,
        "memory_time": 0.000262144
      },
      {
        "operator_name": "gelu",
        "latency_seconds": 0.001093576,
        "flop_count": 24159191040,
        "io_bytes": 2147483648,
        "arithmetic_intensity": 11.25,
        "peak_compute_flops": 92405760000000.0,
        "peak_bandwidth_bytes": 2048000000000.0,
        "compute_utilization": 0.23907511550238694,
        "bandwidth_utilization": 0.9588505965749067,
        "bottleneck": "memory_bound",
        "compute_time": 0.0002614468085106383,
        "memory_time": 0.001048576
      },
      {
        "operator_name": "allreduce_mha",
        "latency_seconds": 0.0,
        "flop_count": 0,
        "io_bytes": 0,
        "arithmetic_intensity": Infinity,
        "peak_compute_flops": 92405760000000.0,
        "peak_bandwidth_bytes": 2048000000000.0,
        "compute_utilization": 0.0,
        "bandwidth_utilization": 0.0,
        "bottleneck": "memory_bound",
        "compute_time": 0.0,
        "memory_time": 0.0
      },
      {
        "operator_name": "allreduce_ffn",
        "latency_seconds": 0.0,
        "flop_count": 0,
        "io_bytes": 0,
        "arithmetic_intensity": Infinity,
        "peak_compute_flops": 92405760000000.0,
        "peak_bandwidth_bytes": 2048000000000.0,
        "compute_utilization": 0.0,
        "bandwidth_utilization": 0.0,
        "bottleneck": "memory_bound",
        "compute_time": 0.0,
        "memory_time": 0.0
      }
    ]
  }
}