{
  "task_id": "SENS-SL_sl512_prefill",
  "model_name": "LLaMA-7B",
  "d_model": 4096,
  "n_heads": 32,
  "n_layers": 32,
  "batch_size": 8,
  "seq_len": 512,
  "phase": "prefill",
  "device_count": 1,
  "config_path": "configs/GA100.json",
  "total_latency_seconds": 0.005268545531914894,
  "dominant_bottleneck": "compute_bound",
  "peak_systolic_flops": 369623040000000.0,
  "peak_vector_flops": 92405760000000.0,
  "peak_hbm_bandwidth": 2048000000000.0,
  "ridge_point_systolic": 180.48,
  "ridge_point_vector": 45.12,
  "layer_report": {
    "layer_index": 0,
    "phase": "prefill",
    "total_latency_seconds": 0.005268545531914894,
    "dominant_bottleneck": "compute_bound",
    "compute_fraction": 0.8708334215054871,
    "memory_fraction": 0.12916657849451282,
    "operator_reports": [
      {
        "operator_name": "qkv_proj",
        "latency_seconds": 0.0011785063829787236,
        "flop_count": 412316860416,
        "io_bytes": 301989888,
        "arithmetic_intensity": 1365.3333333333333,
        "peak_compute_flops": 369623040000000.0,
        "peak_bandwidth_bytes": 2048000000000.0,
        "compute_utilization": 0.9465425042155775,
        "bandwidth_utilization": 0.12512108727599663,
        "bottleneck": "compute_bound",
        "compute_time": 0.0011155063829787234,
        "memory_time": 0.000147456
      },
      {
        "operator_name": "q_mul_k",
        "latency_seconds": 7.0152e-05,
        "flop_count": 17179869184,
        "io_bytes": 201326592,
        "arithmetic_intensity": 85.33333333333333,
        "peak_compute_flops": 369623040000000.0,
        "peak_bandwidth_bytes": 2048000000000.0,
        "compute_utilization": 0.662553207664977,
        "bandwidth_utilization": 1.0,
        "bottleneck": "memory_bound",
        "compute_time": 4.6479432624113474e-05,
        "memory_time": 9.8304e-05
      },
      {
        "operator_name": "a_mul_v",
        "latency_seconds": 7.0152e-05,
        "flop_count": 17179869184,
        "io_bytes": 201326592,
        "arithmetic_intensity": 85.33333333333333,
        "peak_compute_flops": 369623040000000.0,
        "peak_bandwidth_bytes": 2048000000000.0,
        "compute_utilization": 0.662553207664977,
        "bandwidth_utilization": 1.0,
        "bottleneck": "memory_bound",
        "compute_time": 4.6479432624113474e-05,
        "memory_time": 9.8304e-05
      },
      {
        "operator_name": "h_matmul0",
        "latency_seconds": 0.0003928354609929078,
        "flop_count": 137438953472,
        "io_bytes": 100663296,
        "arithmetic_intensity": 1365.3333333333333,
        "peak_compute_flops": 369623040000000.0,
        "peak_bandwidth_bytes": 2048000000000.0,
        "compute_utilization": 0.9465425042155775,
        "bandwidth_utilization": 0.12512108727599666,
        "bottleneck": "compute_bound",
        "compute_time": 0.0003718354609929078,
        "memory_time": 4.9152e-05
      },
      {
        "operator_name": "h_matmul1",
        "latency_seconds": 0.0015083418439716311,
        "flop_count": 549755813888,
        "io_bytes": 301989888,
        "arithmetic_intensity": 1820.4444444444443,
        "peak_compute_flops": 369623040000000.0,
        "peak_bandwidth_bytes": 2048000000000.0,
        "compute_utilization": 0.9860774266231953,
        "bandwidth_utilization": 0.09776033237381522,
        "bottleneck": "compute_bound",
        "compute_time": 0.0014873418439716312,
        "memory_time": 0.000147456
      },
      {
        "operator_name": "h_matmul2",
        "latency_seconds": 0.0015083418439716311,
        "flop_count": 549755813888,
        "io_bytes": 301989888,
        "arithmetic_intensity": 1820.4444444444443,
        "peak_compute_flops": 369623040000000.0,
        "peak_bandwidth_bytes": 2048000000000.0,
        "compute_utilization": 0.9860774266231953,
        "bandwidth_utilization": 0.09776033237381522,
        "bottleneck": "compute_bound",
        "compute_time": 0.0014873418439716312,
        "memory_time": 0.000147456
      },
      {
        "operator_name": "softmax",
        "latency_seconds": 0.000208608,
        "flop_count": 7516192768,
        "io_bytes": 402653184,
        "arithmetic_intensity": 18.666666666666668,
        "peak_compute_flops": 92405760000000.0,
        "peak_bandwidth_bytes": 2048000000000.0,
        "compute_utilization": 0.3899131725159082,
        "bandwidth_utilization": 0.9424758398527382,
        "bottleneck": "memory_bound",
        "compute_time": 8.133900709219857e-05,
        "memory_time": 0.000196608
      },
      {
        "operator_name": "layernorm_0",
        "latency_seconds": 7.7768e-05,
        "flop_count": 117440512,
        "io_bytes": 67108864,
        "arithmetic_intensity": 1.75,
        "peak_compute_flops": 92405760000000.0,
        "peak_bandwidth_bytes": 2048000000000.0,
        "compute_utilization": 0.016342480015116793,
        "bandwidth_utilization": 0.42135582758975415,
        "bottleneck": "memory_bound",
        "compute_time": 1.2709219858156027e-06,
        "memory_time": 3.2768e-05
      },
      {
        "operator_name": "layernorm_1",
        "latency_seconds": 7.7768e-05,
        "flop_count": 117440512,
        "io_bytes": 67108864,
        "arithmetic_intensity": 1.75,
        "peak_compute_flops": 92405760000000.0,
        "peak_bandwidth_bytes": 2048000000000.0,
        "compute_utilization": 0.016342480015116793,
        "bandwidth_utilization": 0.42135582758975415,
        "bottleneck": "memory_bound",
        "compute_time": 1.2709219858156027e-06,
        "memory_time": 3.2768e-05
      },
      {
        "operator_name": "gelu",
        "latency_seconds": 0.00017607200000000002,
        "flop_count": 3019898880,
        "io_bytes": 268435456,
        "arithmetic_intensity": 11.25,
        "peak_compute_flops": 92405760000000.0,
        "peak_bandwidth_bytes": 2048000000000.0,
        "compute_utilization": 0.18561072211271404,
        "bandwidth_utilization": 0.7444227361533917,
        "bottleneck": "memory_bound",
        "compute_time": 3.268085106382979e-05,
        "memory_time": 0.000131072
      },
      {
        "operator_name": "allreduce_mha",
        "latency_seconds": 0.0,
        "flop_count": 0,
        "io_bytes": 0,
        "arithmetic_intensity": Infinity,
        "peak_compute_flops": 92405760000000.0,
        "peak_bandwidth_bytes": 2048000000000.0,
        "compute_utilization": 0.0,
        "bandwidth_utilization": 0.0,
        "bottleneck": "memory_bound",
        "compute_time": 0.0,
        "memory_time": 0.0
      },
      {
        "operator_name": "allreduce_ffn",
        "latency_seconds": 0.0,
        "flop_count": 0,
        "io_bytes": 0,
        "arithmetic_intensity": Infinity,
        "peak_compute_flops": 92405760000000.0,
        "peak_bandwidth_bytes": 2048000000000.0,
        "compute_utilization": 0.0,
        "bandwidth_utilization": 0.0,
        "bottleneck": "memory_bound",
        "compute_time": 0.0,
        "memory_time": 0.0
      }
    ]
  }
}