{
  "task_id": "SENS-BS_bs1_prefill",
  "model_name": "LLaMA-7B",
  "d_model": 4096,
  "n_heads": 32,
  "n_layers": 32,
  "batch_size": 1,
  "seq_len": 1024,
  "phase": "prefill",
  "device_count": 1,
  "config_path": "configs/GA100.json",
  "total_latency_seconds": 0.0016244418156028367,
  "dominant_bottleneck": "compute_bound",
  "peak_systolic_flops": 369623040000000.0,
  "peak_vector_flops": 92405760000000.0,
  "peak_hbm_bandwidth": 2048000000000.0,
  "ridge_point_systolic": 180.48,
  "ridge_point_vector": 45.12,
  "layer_report": {
    "layer_index": 0,
    "phase": "prefill",
    "total_latency_seconds": 0.0016244418156028367,
    "dominant_bottleneck": "compute_bound",
    "compute_fraction": 0.7642664520538679,
    "memory_fraction": 0.2357335479461323,
    "operator_reports": [
      {
        "operator_name": "qkv_proj",
        "latency_seconds": 0.0003418765957446808,
        "flop_count": 103079215104,
        "io_bytes": 150994944,
        "arithmetic_intensity": 682.6666666666666,
        "peak_compute_flops": 369623040000000.0,
        "peak_bandwidth_bytes": 2048000000000.0,
        "compute_utilization": 0.8157229807943641,
        "bandwidth_utilization": 0.21565676304751,
        "bottleneck": "compute_bound",
        "compute_time": 0.00027887659574468086,
        "memory_time": 7.3728e-05
      },
      {
        "operator_name": "q_mul_k",
        "latency_seconds": 4.4239716312056736e-05,
        "flop_count": 8589934592,
        "io_bytes": 83886080,
        "arithmetic_intensity": 102.4,
        "peak_compute_flops": 369623040000000.0,
        "peak_bandwidth_bytes": 2048000000000.0,
        "compute_utilization": 0.5253134117797942,
        "bandwidth_utilization": 0.9258648882618873,
        "bottleneck": "memory_bound",
        "compute_time": 2.3239716312056737e-05,
        "memory_time": 4.096e-05
      },
      {
        "operator_name": "a_mul_v",
        "latency_seconds": 4.4239716312056736e-05,
        "flop_count": 8589934592,
        "io_bytes": 83886080,
        "arithmetic_intensity": 102.4,
        "peak_compute_flops": 369623040000000.0,
        "peak_bandwidth_bytes": 2048000000000.0,
        "compute_utilization": 0.5253134117797942,
        "bandwidth_utilization": 0.9258648882618873,
        "bottleneck": "memory_bound",
        "compute_time": 2.3239716312056737e-05,
        "memory_time": 4.096e-05
      },
      {
        "operator_name": "h_matmul0",
        "latency_seconds": 0.00011395886524822694,
        "flop_count": 34359738368,
        "io_bytes": 50331648,
        "arithmetic_intensity": 682.6666666666666,
        "peak_compute_flops": 369623040000000.0,
        "peak_bandwidth_bytes": 2048000000000.0,
        "compute_utilization": 0.815722980794364,
        "bandwidth_utilization": 0.21565676304751,
        "bottleneck": "compute_bound",
        "compute_time": 9.295886524822695e-05,
        "memory_time": 2.4576e-05
      },
      {
        "operator_name": "h_matmul1",
        "latency_seconds": 0.0003928354609929078,
        "flop_count": 137438953472,
        "io_bytes": 176160768,
        "arithmetic_intensity": 780.1904761904761,
        "peak_compute_flops": 369623040000000.0,
        "peak_bandwidth_bytes": 2048000000000.0,
        "compute_utilization": 0.9465425042155775,
        "bandwidth_utilization": 0.21896190273299415,
        "bottleneck": "compute_bound",
        "compute_time": 0.0003718354609929078,
        "memory_time": 8.6016e-05
      },
      {
        "operator_name": "h_matmul2",
        "latency_seconds": 0.0003928354609929078,
        "flop_count": 137438953472,
        "io_bytes": 176160768,
        "arithmetic_intensity": 780.1904761904761,
        "peak_compute_flops": 369623040000000.0,
        "peak_bandwidth_bytes": 2048000000000.0,
        "compute_utilization": 0.9465425042155775,
        "bandwidth_utilization": 0.21896190273299415,
        "bottleneck": "compute_bound",
        "compute_time": 0.0003718354609929078,
        "memory_time": 8.6016e-05
      },
      {
        "operator_name": "softmax",
        "latency_seconds": 0.000110304,
        "flop_count": 3758096384,
        "io_bytes": 201326592,
        "arithmetic_intensity": 18.666666666666668,
        "peak_compute_flops": 92405760000000.0,
        "peak_bandwidth_bytes": 2048000000000.0,
        "compute_utilization": 0.3687037962911525,
        "bandwidth_utilization": 0.8912097476066144,
        "bottleneck": "memory_bound",
        "compute_time": 4.066950354609929e-05,
        "memory_time": 9.8304e-05
      },
      {
        "operator_name": "layernorm_0",
        "latency_seconds": 5.3192e-05,
        "flop_count": 29360128,
        "io_bytes": 16777216,
        "arithmetic_intensity": 1.75,
        "peak_compute_flops": 92405760000000.0,
        "peak_bandwidth_bytes": 2048000000000.0,
        "compute_utilization": 0.0059732759898838295,
        "bandwidth_utilization": 0.1540081215220334,
        "bottleneck": "memory_bound",
        "compute_time": 3.177304964539007e-07,
        "memory_time": 8.192e-06
      },
      {
        "operator_name": "layernorm_1",
        "latency_seconds": 5.3192e-05,
        "flop_count": 29360128,
        "io_bytes": 16777216,
        "arithmetic_intensity": 1.75,
        "peak_compute_flops": 92405760000000.0,
        "peak_bandwidth_bytes": 2048000000000.0,
        "compute_utilization": 0.0059732759898838295,
        "bandwidth_utilization": 0.1540081215220334,
        "bottleneck": "memory_bound",
        "compute_time": 3.177304964539007e-07,
        "memory_time": 8.192e-06
      },
      {
        "operator_name": "gelu",
        "latency_seconds": 7.7768e-05,
        "flop_count": 754974720,
        "io_bytes": 67108864,
        "arithmetic_intensity": 11.25,
        "peak_compute_flops": 92405760000000.0,
        "peak_bandwidth_bytes": 2048000000000.0,
        "compute_utilization": 0.10505880009717938,
        "bandwidth_utilization": 0.42135582758975415,
        "bottleneck": "memory_bound",
        "compute_time": 8.170212765957447e-06,
        "memory_time": 3.2768e-05
      },
      {
        "operator_name": "allreduce_mha",
        "latency_seconds": 0.0,
        "flop_count": 0,
        "io_bytes": 0,
        "arithmetic_intensity": Infinity,
        "peak_compute_flops": 92405760000000.0,
        "peak_bandwidth_bytes": 2048000000000.0,
        "compute_utilization": 0.0,
        "bandwidth_utilization": 0.0,
        "bottleneck": "memory_bound",
        "compute_time": 0.0,
        "memory_time": 0.0
      },
      {
        "operator_name": "allreduce_ffn",
        "latency_seconds": 0.0,
        "flop_count": 0,
        "io_bytes": 0,
        "arithmetic_intensity": Infinity,
        "peak_compute_flops": 92405760000000.0,
        "peak_bandwidth_bytes": 2048000000000.0,
        "compute_utilization": 0.0,
        "bandwidth_utilization": 0.0,
        "bottleneck": "memory_bound",
        "compute_time": 0.0,
        "memory_time": 0.0
      }
    ]
  }
}