{
  "task_id": "SENS-SL_sl1024_decode",
  "model_name": "LLaMA-7B",
  "d_model": 4096,
  "n_heads": 32,
  "n_layers": 32,
  "batch_size": 8,
  "seq_len": 1024,
  "phase": "decode",
  "device_count": 1,
  "config_path": "configs/GA100.json",
  "total_latency_seconds": 0.0004478329999999999,
  "dominant_bottleneck": "memory_bound",
  "peak_systolic_flops": 369623040000000.0,
  "peak_vector_flops": 92405760000000.0,
  "peak_hbm_bandwidth": 2048000000000.0,
  "ridge_point_systolic": 180.48,
  "ridge_point_vector": 45.12,
  "layer_report": {
    "layer_index": 0,
    "phase": "decode",
    "total_latency_seconds": 0.0004478329999999999,
    "dominant_bottleneck": "memory_bound",
    "compute_fraction": 0.0,
    "memory_fraction": 1.0000000000000002,
    "operator_reports": [
      {
        "operator_name": "qkv_proj",
        "latency_seconds": 8.767199999999998e-05,
        "flop_count": 805306368,
        "io_bytes": 101056512,
        "arithmetic_intensity": 7.968871595330739,
        "peak_compute_flops": 369623040000000.0,
        "peak_bandwidth_bytes": 2048000000000.0,
        "compute_utilization": 0.024850846384881373,
        "bandwidth_utilization": 0.5628250752805914,
        "bottleneck": "memory_bound",
        "compute_time": 2.1787234042553192e-06,
        "memory_time": 4.9344e-05
      },
      {
        "operator_name": "q_mul_k",
        "latency_seconds": 3.7544125e-05,
        "flop_count": 67174400,
        "io_bytes": 67764736,
        "arithmetic_intensity": 0.9912884483162452,
        "peak_compute_flops": 369623040000000.0,
        "peak_bandwidth_bytes": 2048000000000.0,
        "compute_utilization": 0.00484063987780997,
        "bandwidth_utilization": 0.8813163177993895,
        "bottleneck": "memory_bound",
        "compute_time": 1.8173758865248226e-07,
        "memory_time": 3.308825e-05
      },
      {
        "operator_name": "a_mul_v",
        "latency_seconds": 3.7544125e-05,
        "flop_count": 67174400,
        "io_bytes": 67764736,
        "arithmetic_intensity": 0.9912884483162452,
        "peak_compute_flops": 369623040000000.0,
        "peak_bandwidth_bytes": 2048000000000.0,
        "compute_utilization": 0.00484063987780997,
        "bandwidth_utilization": 0.8813163177993895,
        "bottleneck": "memory_bound",
        "compute_time": 1.8173758865248226e-07,
        "memory_time": 3.308825e-05
      },
      {
        "operator_name": "h_matmul0",
        "latency_seconds": 2.9223999999999997e-05,
        "flop_count": 268435456,
        "io_bytes": 33685504,
        "arithmetic_intensity": 7.968871595330739,
        "peak_compute_flops": 369623040000000.0,
        "peak_bandwidth_bytes": 2048000000000.0,
        "compute_utilization": 0.02485084638488137,
        "bandwidth_utilization": 0.5628250752805913,
        "bottleneck": "memory_bound",
        "compute_time": 7.26241134751773e-07,
        "memory_time": 1.6448e-05
      },
      {
        "operator_name": "h_matmul1",
        "latency_seconds": 5.3848000000000004e-05,
        "flop_count": 1073741824,
        "io_bytes": 134545408,
        "arithmetic_intensity": 7.980516317584024,
        "peak_compute_flops": 369623040000000.0,
        "peak_bandwidth_bytes": 2048000000000.0,
        "compute_utilization": 0.053947491810412494,
        "bandwidth_utilization": 1.0,
        "bottleneck": "memory_bound",
        "compute_time": 2.904964539007092e-06,
        "memory_time": 6.5696e-05
      },
      {
        "operator_name": "h_matmul2",
        "latency_seconds": 5.3848000000000004e-05,
        "flop_count": 1073741824,
        "io_bytes": 134545408,
        "arithmetic_intensity": 7.980516317584024,
        "peak_compute_flops": 369623040000000.0,
        "peak_bandwidth_bytes": 2048000000000.0,
        "compute_utilization": 0.053947491810412494,
        "bandwidth_utilization": 1.0,
        "bottleneck": "memory_bound",
        "compute_time": 2.904964539007092e-06,
        "memory_time": 6.5696e-05
      },
      {
        "operator_name": "softmax",
        "latency_seconds": 1.276875e-05,
        "flop_count": 29388800,
        "io_bytes": 1574400,
        "arithmetic_intensity": 18.666666666666668,
        "peak_compute_flops": 92405760000000.0,
        "peak_bandwidth_bytes": 2048000000000.0,
        "compute_utilization": 0.02490774587503428,
        "bandwidth_utilization": 0.06020558002936858,
        "bottleneck": "memory_bound",
        "compute_time": 3.1804078014184396e-07,
        "memory_time": 7.6875e-07
      },
      {
        "operator_name": "layernorm_0",
        "latency_seconds": 4.5064e-05,
        "flop_count": 229376,
        "io_bytes": 131072,
        "arithmetic_intensity": 1.75,
        "peak_compute_flops": 92405760000000.0,
        "peak_bandwidth_bytes": 2048000000000.0,
        "compute_utilization": 5.5083203966494296e-05,
        "bandwidth_utilization": 0.0014202023788389847,
        "bottleneck": "memory_bound",
        "compute_time": 2.482269503546099e-09,
        "memory_time": 6.4e-08
      },
      {
        "operator_name": "layernorm_1",
        "latency_seconds": 4.5064e-05,
        "flop_count": 229376,
        "io_bytes": 131072,
        "arithmetic_intensity": 1.75,
        "peak_compute_flops": 92405760000000.0,
        "peak_bandwidth_bytes": 2048000000000.0,
        "compute_utilization": 5.5083203966494296e-05,
        "bandwidth_utilization": 0.0014202023788389847,
        "bottleneck": "memory_bound",
        "compute_time": 2.482269503546099e-09,
        "memory_time": 6.4e-08
      },
      {
        "operator_name": "gelu",
        "latency_seconds": 4.5256e-05,
        "flop_count": 5898240,
        "io_bytes": 524288,
        "arithmetic_intensity": 11.25,
        "peak_compute_flops": 92405760000000.0,
        "peak_bandwidth_bytes": 2048000000000.0,
        "compute_utilization": 0.0014104160163081701,
        "bandwidth_utilization": 0.0056567085027399685,
        "bottleneck": "memory_bound",
        "compute_time": 6.382978723404255e-08,
        "memory_time": 2.56e-07
      },
      {
        "operator_name": "allreduce_mha",
        "latency_seconds": 0.0,
        "flop_count": 0,
        "io_bytes": 0,
        "arithmetic_intensity": Infinity,
        "peak_compute_flops": 92405760000000.0,
        "peak_bandwidth_bytes": 2048000000000.0,
        "compute_utilization": 0.0,
        "bandwidth_utilization": 0.0,
        "bottleneck": "memory_bound",
        "compute_time": 0.0,
        "memory_time": 0.0
      },
      {
        "operator_name": "allreduce_ffn",
        "latency_seconds": 0.0,
        "flop_count": 0,
        "io_bytes": 0,
        "arithmetic_intensity": Infinity,
        "peak_compute_flops": 92405760000000.0,
        "peak_bandwidth_bytes": 2048000000000.0,
        "compute_utilization": 0.0,
        "bandwidth_utilization": 0.0,
        "bottleneck": "memory_bound",
        "compute_time": 0.0,
        "memory_time": 0.0
      }
    ]
  }
}