{
  "task_id": "SENS-BS_bs2_decode",
  "model_name": "LLaMA-7B",
  "d_model": 4096,
  "n_heads": 32,
  "n_layers": 32,
  "batch_size": 2,
  "seq_len": 1024,
  "phase": "decode",
  "device_count": 1,
  "config_path": "configs/GA100.json",
  "total_latency_seconds": 0.00042193624999999996,
  "dominant_bottleneck": "memory_bound",
  "peak_systolic_flops": 369623040000000.0,
  "peak_vector_flops": 92405760000000.0,
  "peak_hbm_bandwidth": 2048000000000.0,
  "ridge_point_systolic": 180.48,
  "ridge_point_vector": 45.12,
  "layer_report": {
    "layer_index": 0,
    "phase": "decode",
    "total_latency_seconds": 0.00042193624999999996,
    "dominant_bottleneck": "memory_bound",
    "compute_fraction": 0.0,
    "memory_fraction": 1.0,
    "operator_reports": [
      {
        "operator_name": "qkv_proj",
        "latency_seconds": 8.759999999999999e-05,
        "flop_count": 201326592,
        "io_bytes": 100761600,
        "arithmetic_intensity": 1.9980487804878049,
        "peak_compute_flops": 369623040000000.0,
        "peak_bandwidth_bytes": 2048000000000.0,
        "compute_utilization": 0.006217817934518606,
        "bandwidth_utilization": 0.5616438356164385,
        "bottleneck": "memory_bound",
        "compute_time": 5.446808510638298e-07,
        "memory_time": 4.92e-05
      },
      {
        "operator_name": "q_mul_k",
        "latency_seconds": 2.513603125e-05,
        "flop_count": 16793600,
        "io_bytes": 16941184,
        "arithmetic_intensity": 0.9912884483162452,
        "peak_compute_flops": 369623040000000.0,
        "peak_bandwidth_bytes": 2048000000000.0,
        "compute_utilization": 0.0018075406062013296,
        "bandwidth_utilization": 0.32909182908499135,
        "bottleneck": "memory_bound",
        "compute_time": 4.5434397163120565e-08,
        "memory_time": 8.2720625e-06
      },
      {
        "operator_name": "a_mul_v",
        "latency_seconds": 2.513603125e-05,
        "flop_count": 16793600,
        "io_bytes": 16941184,
        "arithmetic_intensity": 0.9912884483162452,
        "peak_compute_flops": 369623040000000.0,
        "peak_bandwidth_bytes": 2048000000000.0,
        "compute_utilization": 0.0018075406062013296,
        "bandwidth_utilization": 0.32909182908499135,
        "bottleneck": "memory_bound",
        "compute_time": 4.5434397163120565e-08,
        "memory_time": 8.2720625e-06
      },
      {
        "operator_name": "h_matmul0",
        "latency_seconds": 2.9199999999999998e-05,
        "flop_count": 67108864,
        "io_bytes": 33587200,
        "arithmetic_intensity": 1.9980487804878049,
        "peak_compute_flops": 369623040000000.0,
        "peak_bandwidth_bytes": 2048000000000.0,
        "compute_utilization": 0.006217817934518605,
        "bandwidth_utilization": 0.5616438356164384,
        "bottleneck": "memory_bound",
        "compute_time": 1.8156028368794326e-07,
        "memory_time": 1.64e-05
      },
      {
        "operator_name": "h_matmul1",
        "latency_seconds": 5.3787999999999994e-05,
        "flop_count": 268435456,
        "io_bytes": 134299648,
        "arithmetic_intensity": 1.9987800414785897,
        "peak_compute_flops": 369623040000000.0,
        "peak_bandwidth_bytes": 2048000000000.0,
        "compute_utilization": 0.013501917430500728,
        "bandwidth_utilization": 1.0,
        "bottleneck": "memory_bound",
        "compute_time": 7.26241134751773e-07,
        "memory_time": 6.5576e-05
      },
      {
        "operator_name": "h_matmul2",
        "latency_seconds": 5.3787999999999994e-05,
        "flop_count": 268435456,
        "io_bytes": 134299648,
        "arithmetic_intensity": 1.9987800414785897,
        "peak_compute_flops": 369623040000000.0,
        "peak_bandwidth_bytes": 2048000000000.0,
        "compute_utilization": 0.013501917430500728,
        "bandwidth_utilization": 1.0,
        "bottleneck": "memory_bound",
        "compute_time": 7.26241134751773e-07,
        "memory_time": 6.5576e-05
      },
      {
        "operator_name": "softmax",
        "latency_seconds": 1.21921875e-05,
        "flop_count": 7347200,
        "io_bytes": 393600,
        "arithmetic_intensity": 18.666666666666668,
        "peak_compute_flops": 92405760000000.0,
        "peak_bandwidth_bytes": 2048000000000.0,
        "compute_utilization": 0.006521405206035503,
        "bandwidth_utilization": 0.015763168012302962,
        "bottleneck": "memory_bound",
        "compute_time": 7.951019503546099e-08,
        "memory_time": 1.921875e-07
      },
      {
        "operator_name": "layernorm_0",
        "latency_seconds": 4.5016000000000004e-05,
        "flop_count": 57344,
        "io_bytes": 32768,
        "arithmetic_intensity": 1.75,
        "peak_compute_flops": 92405760000000.0,
        "peak_bandwidth_bytes": 2048000000000.0,
        "compute_utilization": 1.3785484625167156e-05,
        "bandwidth_utilization": 0.0003554291807357384,
        "bottleneck": "memory_bound",
        "compute_time": 6.205673758865248e-10,
        "memory_time": 1.6e-08
      },
      {
        "operator_name": "layernorm_1",
        "latency_seconds": 4.5016000000000004e-05,
        "flop_count": 57344,
        "io_bytes": 32768,
        "arithmetic_intensity": 1.75,
        "peak_compute_flops": 92405760000000.0,
        "peak_bandwidth_bytes": 2048000000000.0,
        "compute_utilization": 1.3785484625167156e-05,
        "bandwidth_utilization": 0.0003554291807357384,
        "bottleneck": "memory_bound",
        "compute_time": 6.205673758865248e-10,
        "memory_time": 1.6e-08
      },
      {
        "operator_name": "gelu",
        "latency_seconds": 4.5064e-05,
        "flop_count": 1474560,
        "io_bytes": 131072,
        "arithmetic_intensity": 11.25,
        "peak_compute_flops": 92405760000000.0,
        "peak_bandwidth_bytes": 2048000000000.0,
        "compute_utilization": 0.00035410631121317765,
        "bandwidth_utilization": 0.0014202023788389847,
        "bottleneck": "memory_bound",
        "compute_time": 1.595744680851064e-08,
        "memory_time": 6.4e-08
      },
      {
        "operator_name": "allreduce_mha",
        "latency_seconds": 0.0,
        "flop_count": 0,
        "io_bytes": 0,
        "arithmetic_intensity": Infinity,
        "peak_compute_flops": 92405760000000.0,
        "peak_bandwidth_bytes": 2048000000000.0,
        "compute_utilization": 0.0,
        "bandwidth_utilization": 0.0,
        "bottleneck": "memory_bound",
        "compute_time": 0.0,
        "memory_time": 0.0
      },
      {
        "operator_name": "allreduce_ffn",
        "latency_seconds": 0.0,
        "flop_count": 0,
        "io_bytes": 0,
        "arithmetic_intensity": Infinity,
        "peak_compute_flops": 92405760000000.0,
        "peak_bandwidth_bytes": 2048000000000.0,
        "compute_utilization": 0.0,
        "bandwidth_utilization": 0.0,
        "bottleneck": "memory_bound",
        "compute_time": 0.0,
        "memory_time": 0.0
      }
    ]
  }
}