{
  "task_id": "SZ-01_gpt2_small",
  "model_name": "GPT-2 Small (117M)",
  "d_model": 768,
  "n_heads": 12,
  "n_layers": 12,
  "batch_size": 16,
  "seq_len": 1024,
  "phase": "prefill",
  "device_count": 4,
  "config_path": "configs/GA100.json",
  "total_latency_seconds": 0.001136102485106383,
  "dominant_bottleneck": "memory_bound",
  "peak_systolic_flops": 369623040000000.0,
  "peak_vector_flops": 92405760000000.0,
  "peak_hbm_bandwidth": 2048000000000.0,
  "ridge_point_systolic": 180.48,
  "ridge_point_vector": 45.12,
  "layer_report": {
    "layer_index": 0,
    "phase": "prefill",
    "total_latency_seconds": 0.001136102485106383,
    "dominant_bottleneck": "memory_bound",
    "compute_fraction": 0.12901892683610308,
    "memory_fraction": 0.8709810731638968,
    "operator_reports": [
      {
        "operator_name": "qkv_proj",
        "latency_seconds": 0.00010221702127659575,
        "flop_count": 14495514624,
        "io_bytes": 95256576,
        "arithmetic_intensity": 152.1733746130031,
        "peak_compute_flops": 369623040000000.0,
        "peak_bandwidth_bytes": 2048000000000.0,
        "compute_utilization": 0.3836642937429749,
        "bandwidth_utilization": 0.45503184713375794,
        "bottleneck": "memory_bound",
        "compute_time": 3.921702127659575e-05,
        "memory_time": 4.6512e-05
      },
      {
        "operator_name": "q_mul_k",
        "latency_seconds": 4.8648e-05,
        "flop_count": 6442450944,
        "io_bytes": 113246208,
        "arithmetic_intensity": 56.888888888888886,
        "peak_compute_flops": 369623040000000.0,
        "peak_bandwidth_bytes": 2048000000000.0,
        "compute_utilization": 0.3582837369273671,
        "bandwidth_utilization": 1.0,
        "bottleneck": "memory_bound",
        "compute_time": 1.7429787234042554e-05,
        "memory_time": 5.5296e-05
      },
      {
        "operator_name": "a_mul_v",
        "latency_seconds": 4.8648e-05,
        "flop_count": 6442450944,
        "io_bytes": 113246208,
        "arithmetic_intensity": 56.888888888888886,
        "peak_compute_flops": 369623040000000.0,
        "peak_bandwidth_bytes": 2048000000000.0,
        "compute_utilization": 0.3582837369273671,
        "bandwidth_utilization": 1.0,
        "bottleneck": "memory_bound",
        "compute_time": 1.7429787234042554e-05,
        "memory_time": 5.5296e-05
      },
      {
        "operator_name": "h_matmul0",
        "latency_seconds": 3.4072340425531916e-05,
        "flop_count": 4831838208,
        "io_bytes": 31752192,
        "arithmetic_intensity": 152.1733746130031,
        "peak_compute_flops": 369623040000000.0,
        "peak_bandwidth_bytes": 2048000000000.0,
        "compute_utilization": 0.3836642937429749,
        "bandwidth_utilization": 0.45503184713375794,
        "bottleneck": "memory_bound",
        "compute_time": 1.3072340425531915e-05,
        "memory_time": 1.5504e-05
      },
      {
        "operator_name": "h_matmul1",
        "latency_seconds": 7.328936170212766e-05,
        "flop_count": 19327352832,
        "io_bytes": 51511296,
        "arithmetic_intensity": 375.206106870229,
        "peak_compute_flops": 369623040000000.0,
        "peak_bandwidth_bytes": 2048000000000.0,
        "compute_utilization": 0.7134645532137258,
        "bandwidth_utilization": 0.34318759797944604,
        "bottleneck": "compute_bound",
        "compute_time": 5.228936170212766e-05,
        "memory_time": 2.5152e-05
      },
      {
        "operator_name": "h_matmul2",
        "latency_seconds": 7.328936170212766e-05,
        "flop_count": 19327352832,
        "io_bytes": 51511296,
        "arithmetic_intensity": 375.206106870229,
        "peak_compute_flops": 369623040000000.0,
        "peak_bandwidth_bytes": 2048000000000.0,
        "compute_utilization": 0.7134645532137258,
        "bandwidth_utilization": 0.34318759797944604,
        "bottleneck": "compute_bound",
        "compute_time": 5.228936170212766e-05,
        "memory_time": 2.5152e-05
      },
      {
        "operator_name": "softmax",
        "latency_seconds": 0.00015945599999999999,
        "flop_count": 5637144576,
        "io_bytes": 301989888,
        "arithmetic_intensity": 18.666666666666668,
        "peak_compute_flops": 92405760000000.0,
        "peak_bandwidth_bytes": 2048000000000.0,
        "compute_utilization": 0.3825773587644801,
        "bandwidth_utilization": 0.9247441300421433,
        "bottleneck": "memory_bound",
        "compute_time": 6.1004255319148935e-05,
        "memory_time": 0.000147456
      },
      {
        "operator_name": "layernorm_0",
        "latency_seconds": 6.9576e-05,
        "flop_count": 88080384,
        "io_bytes": 50331648,
        "arithmetic_intensity": 1.75,
        "peak_compute_flops": 92405760000000.0,
        "peak_bandwidth_bytes": 2048000000000.0,
        "compute_utilization": 0.013700004158929835,
        "bandwidth_utilization": 0.3532252500862366,
        "bottleneck": "memory_bound",
        "compute_time": 9.531914893617021e-07,
        "memory_time": 2.4576e-05
      },
      {
        "operator_name": "layernorm_1",
        "latency_seconds": 6.9576e-05,
        "flop_count": 88080384,
        "io_bytes": 50331648,
        "arithmetic_intensity": 1.75,
        "peak_compute_flops": 92405760000000.0,
        "peak_bandwidth_bytes": 2048000000000.0,
        "compute_utilization": 0.013700004158929835,
        "bandwidth_utilization": 0.3532252500862366,
        "bottleneck": "memory_bound",
        "compute_time": 9.531914893617021e-07,
        "memory_time": 2.4576e-05
      },
      {
        "operator_name": "gelu",
        "latency_seconds": 6.9576e-05,
        "flop_count": 566231040,
        "io_bytes": 50331648,
        "arithmetic_intensity": 11.25,
        "peak_compute_flops": 92405760000000.0,
        "peak_bandwidth_bytes": 2048000000000.0,
        "compute_utilization": 0.08807145530740607,
        "bandwidth_utilization": 0.3532252500862366,
        "bottleneck": "memory_bound",
        "compute_time": 6.127659574468085e-06,
        "memory_time": 2.4576e-05
      },
      {
        "operator_name": "allreduce_mha",
        "latency_seconds": 0.0001938772,
        "flop_count": 0,
        "io_bytes": 25165824,
        "arithmetic_intensity": 0.0,
        "peak_compute_flops": 92405760000000.0,
        "peak_bandwidth_bytes": 2048000000000.0,
        "compute_utilization": 0.0,
        "bandwidth_utilization": 0.0633803252780626,
        "bottleneck": "memory_bound",
        "compute_time": 0.0,
        "memory_time": 1.2288e-05
      },
      {
        "operator_name": "allreduce_ffn",
        "latency_seconds": 0.0001938772,
        "flop_count": 0,
        "io_bytes": 25165824,
        "arithmetic_intensity": 0.0,
        "peak_compute_flops": 92405760000000.0,
        "peak_bandwidth_bytes": 2048000000000.0,
        "compute_utilization": 0.0,
        "bandwidth_utilization": 0.0633803252780626,
        "bottleneck": "memory_bound",
        "compute_time": 0.0,
        "memory_time": 1.2288e-05
      }
    ]
  }
}