{
  "task_id": "SZ-01_gpt3_175b",
  "model_name": "GPT-3 175B",
  "d_model": 12288,
  "n_heads": 96,
  "n_layers": 96,
  "batch_size": 16,
  "seq_len": 1024,
  "phase": "prefill",
  "device_count": 4,
  "config_path": "configs/GA100.json",
  "total_latency_seconds": 0.0487915373787234,
  "dominant_bottleneck": "compute_bound",
  "peak_systolic_flops": 369623040000000.0,
  "peak_vector_flops": 92405760000000.0,
  "peak_hbm_bandwidth": 2048000000000.0,
  "ridge_point_systolic": 180.48,
  "ridge_point_vector": 45.12,
  "layer_report": {
    "layer_index": 0,
    "phase": "prefill",
    "total_latency_seconds": 0.0487915373787234,
    "dominant_bottleneck": "compute_bound",
    "compute_fraction": 0.8256396898204903,
    "memory_fraction": 0.17436031017950984,
    "operator_reports": [
      {
        "operator_name": "qkv_proj",
        "latency_seconds": 0.010102557446808512,
        "flop_count": 3710851743744,
        "io_bytes": 1736441856,
        "arithmetic_intensity": 2137.0434782608695,
        "peak_compute_flops": 369623040000000.0,
        "peak_bandwidth_bytes": 2048000000000.0,
        "compute_utilization": 0.9937639552824415,
        "bandwidth_utilization": 0.08392647153596244,
        "bottleneck": "compute_bound",
        "compute_time": 0.010039557446808511,
        "memory_time": 0.000847872
      },
      {
        "operator_name": "q_mul_k",
        "latency_seconds": 0.0002998765957446809,
        "flop_count": 103079215104,
        "io_bytes": 1006632960,
        "arithmetic_intensity": 102.4,
        "peak_compute_flops": 369623040000000.0,
        "peak_bandwidth_bytes": 2048000000000.0,
        "compute_utilization": 0.92997119382441,
        "bandwidth_utilization": 1.0,
        "bottleneck": "memory_bound",
        "compute_time": 0.00027887659574468086,
        "memory_time": 0.00049152
      },
      {
        "operator_name": "a_mul_v",
        "latency_seconds": 0.0002998765957446809,
        "flop_count": 103079215104,
        "io_bytes": 1006632960,
        "arithmetic_intensity": 102.4,
        "peak_compute_flops": 369623040000000.0,
        "peak_bandwidth_bytes": 2048000000000.0,
        "compute_utilization": 0.92997119382441,
        "bandwidth_utilization": 1.0,
        "bottleneck": "memory_bound",
        "compute_time": 0.00027887659574468086,
        "memory_time": 0.00049152
      },
      {
        "operator_name": "h_matmul0",
        "latency_seconds": 0.0033675191489361705,
        "flop_count": 1236950581248,
        "io_bytes": 578813952,
        "arithmetic_intensity": 2137.0434782608695,
        "peak_compute_flops": 369623040000000.0,
        "peak_bandwidth_bytes": 2048000000000.0,
        "compute_utilization": 0.9937639552824415,
        "bandwidth_utilization": 0.08392647153596244,
        "bottleneck": "compute_bound",
        "compute_time": 0.0033465191489361703,
        "memory_time": 0.000282624
      },
      {
        "operator_name": "h_matmul1",
        "latency_seconds": 0.013407076595744681,
        "flop_count": 4947802324992,
        "io_bytes": 1107296256,
        "arithmetic_intensity": 4468.363636363636,
        "peak_compute_flops": 369623040000000.0,
        "peak_bandwidth_bytes": 2048000000000.0,
        "compute_utilization": 0.9984336630099759,
        "bandwidth_utilization": 0.04032735967001231,
        "bottleneck": "compute_bound",
        "compute_time": 0.013386076595744681,
        "memory_time": 0.000540672
      },
      {
        "operator_name": "h_matmul2",
        "latency_seconds": 0.013407076595744681,
        "flop_count": 4947802324992,
        "io_bytes": 1107296256,
        "arithmetic_intensity": 4468.363636363636,
        "peak_compute_flops": 369623040000000.0,
        "peak_bandwidth_bytes": 2048000000000.0,
        "compute_utilization": 0.9984336630099759,
        "bandwidth_utilization": 0.04032735967001231,
        "bottleneck": "compute_bound",
        "compute_time": 0.013386076595744681,
        "memory_time": 0.000540672
      },
      {
        "operator_name": "softmax",
        "latency_seconds": 0.001191648,
        "flop_count": 45097156608,
        "io_bytes": 2415919104,
        "arithmetic_intensity": 18.666666666666668,
        "peak_compute_flops": 92405760000000.0,
        "peak_bandwidth_bytes": 2048000000000.0,
        "compute_utilization": 0.4095454719457352,
        "bandwidth_utilization": 0.9899299121888342,
        "bottleneck": "memory_bound",
        "compute_time": 0.0004880340425531915,
        "memory_time": 0.001179648
      },
      {
        "operator_name": "layernorm_0",
        "latency_seconds": 0.000438216,
        "flop_count": 1409286144,
        "io_bytes": 805306368,
        "arithmetic_intensity": 1.75,
        "peak_compute_flops": 92405760000000.0,
        "peak_bandwidth_bytes": 2048000000000.0,
        "compute_utilization": 0.03480261749864732,
        "bandwidth_utilization": 0.8973109151651241,
        "bottleneck": "memory_bound",
        "compute_time": 1.5251063829787234e-05,
        "memory_time": 0.000393216
      },
      {
        "operator_name": "layernorm_1",
        "latency_seconds": 0.000438216,
        "flop_count": 1409286144,
        "io_bytes": 805306368,
        "arithmetic_intensity": 1.75,
        "peak_compute_flops": 92405760000000.0,
        "peak_bandwidth_bytes": 2048000000000.0,
        "compute_utilization": 0.03480261749864732,
        "bandwidth_utilization": 0.8973109151651241,
        "bottleneck": "memory_bound",
        "compute_time": 1.5251063829787234e-05,
        "memory_time": 0.000393216
      },
      {
        "operator_name": "gelu",
        "latency_seconds": 0.000438216,
        "flop_count": 9059696640,
        "io_bytes": 805306368,
        "arithmetic_intensity": 11.25,
        "peak_compute_flops": 92405760000000.0,
        "peak_bandwidth_bytes": 2048000000000.0,
        "compute_utilization": 0.22373111249130417,
        "bandwidth_utilization": 0.8973109151651241,
        "bottleneck": "memory_bound",
        "compute_time": 9.804255319148936e-05,
        "memory_time": 0.000393216
      },
      {
        "operator_name": "allreduce_mha",
        "latency_seconds": 0.0027006292,
        "flop_count": 0,
        "io_bytes": 402653184,
        "arithmetic_intensity": 0.0,
        "peak_compute_flops": 92405760000000.0,
        "peak_bandwidth_bytes": 2048000000000.0,
        "compute_utilization": 0.0,
        "bandwidth_utilization": 0.07280081249214072,
        "bottleneck": "memory_bound",
        "compute_time": 0.0,
        "memory_time": 0.000196608
      },
      {
        "operator_name": "allreduce_ffn",
        "latency_seconds": 0.0027006292,
        "flop_count": 0,
        "io_bytes": 402653184,
        "arithmetic_intensity": 0.0,
        "peak_compute_flops": 92405760000000.0,
        "peak_bandwidth_bytes": 2048000000000.0,
        "compute_utilization": 0.0,
        "bandwidth_utilization": 0.07280081249214072,
        "bottleneck": "memory_bound",
        "compute_time": 0.0,
        "memory_time": 0.000196608
      }
    ]
  }
}