{
  "task_id": "SZ-02_gpt3_175b",
  "model_name": "GPT-3 175B",
  "d_model": 12288,
  "n_heads": 96,
  "n_layers": 96,
  "batch_size": 4,
  "seq_len": 512,
  "phase": "decode",
  "device_count": 4,
  "config_path": "configs/GA100.json",
  "total_latency_seconds": 0.000597874775,
  "dominant_bottleneck": "memory_bound",
  "peak_systolic_flops": 369623040000000.0,
  "peak_vector_flops": 92405760000000.0,
  "peak_hbm_bandwidth": 2048000000000.0,
  "ridge_point_systolic": 180.48,
  "ridge_point_vector": 45.12,
  "layer_report": {
    "layer_index": 0,
    "phase": "decode",
    "total_latency_seconds": 0.000597874775,
    "dominant_bottleneck": "memory_bound",
    "compute_fraction": 0.0,
    "memory_fraction": 1.0,
    "operator_reports": [
      {
        "operator_name": "qkv_proj",
        "latency_seconds": 0.00011838599999999999,
        "flop_count": 905969664,
        "io_bytes": 226861056,
        "arithmetic_intensity": 3.9935001624959376,
        "peak_compute_flops": 369623040000000.0,
        "peak_bandwidth_bytes": 2048000000000.0,
        "compute_utilization": 0.02070400072464003,
        "bandwidth_utilization": 0.9356849627489738,
        "bottleneck": "memory_bound",
        "compute_time": 2.4510638297872342e-06,
        "memory_time": 0.000110772
      },
      {
        "operator_name": "q_mul_k",
        "latency_seconds": 2.4108046875e-05,
        "flop_count": 12607488,
        "io_bytes": 12730560,
        "arithmetic_intensity": 0.9903325541060252,
        "peak_compute_flops": 369623040000000.0,
        "peak_bandwidth_bytes": 2048000000000.0,
        "compute_utilization": 0.001414840560500258,
        "bandwidth_utilization": 0.25784310866120297,
        "bottleneck": "memory_bound",
        "compute_time": 3.410904255319149e-08,
        "memory_time": 6.21609375e-06
      },
      {
        "operator_name": "a_mul_v",
        "latency_seconds": 2.4108046875e-05,
        "flop_count": 12607488,
        "io_bytes": 12730560,
        "arithmetic_intensity": 0.9903325541060252,
        "peak_compute_flops": 369623040000000.0,
        "peak_bandwidth_bytes": 2048000000000.0,
        "compute_utilization": 0.001414840560500258,
        "bandwidth_utilization": 0.25784310866120297,
        "bottleneck": "memory_bound",
        "compute_time": 3.410904255319149e-08,
        "memory_time": 6.21609375e-06
      },
      {
        "operator_name": "h_matmul0",
        "latency_seconds": 3.9461999999999996e-05,
        "flop_count": 301989888,
        "io_bytes": 75620352,
        "arithmetic_intensity": 3.9935001624959376,
        "peak_compute_flops": 369623040000000.0,
        "peak_bandwidth_bytes": 2048000000000.0,
        "compute_utilization": 0.02070400072464003,
        "bandwidth_utilization": 0.9356849627489738,
        "bottleneck": "memory_bound",
        "compute_time": 8.170212765957447e-07,
        "memory_time": 3.6924e-05
      },
      {
        "operator_name": "h_matmul1",
        "latency_seconds": 9.4776e-05,
        "flop_count": 1207959552,
        "io_bytes": 302186496,
        "arithmetic_intensity": 3.9973975276512688,
        "peak_compute_flops": 369623040000000.0,
        "peak_bandwidth_bytes": 2048000000000.0,
        "compute_utilization": 0.03448220125752278,
        "bandwidth_utilization": 1.0,
        "bottleneck": "memory_bound",
        "compute_time": 3.268085106382979e-06,
        "memory_time": 0.000147552
      },
      {
        "operator_name": "h_matmul2",
        "latency_seconds": 9.4776e-05,
        "flop_count": 1207959552,
        "io_bytes": 302186496,
        "arithmetic_intensity": 3.9973975276512688,
        "peak_compute_flops": 369623040000000.0,
        "peak_bandwidth_bytes": 2048000000000.0,
        "compute_utilization": 0.03448220125752278,
        "bandwidth_utilization": 1.0,
        "bottleneck": "memory_bound",
        "compute_time": 3.268085106382979e-06,
        "memory_time": 0.000147552
      },
      {
        "operator_name": "softmax",
        "latency_seconds": 1.214428125e-05,
        "flop_count": 5515776,
        "io_bytes": 295488,
        "arithmetic_intensity": 18.666666666666668,
        "peak_compute_flops": 92405760000000.0,
        "peak_bandwidth_bytes": 2048000000000.0,
        "compute_utilization": 0.004915138511641857,
        "bandwidth_utilization": 0.011880591945282888,
        "bottleneck": "memory_bound",
        "compute_time": 5.969082446808511e-08,
        "memory_time": 1.4428125e-07
      },
      {
        "operator_name": "layernorm_0",
        "latency_seconds": 4.5096e-05,
        "flop_count": 344064,
        "io_bytes": 196608,
        "arithmetic_intensity": 1.75,
        "peak_compute_flops": 92405760000000.0,
        "peak_bandwidth_bytes": 2048000000000.0,
        "compute_utilization": 8.25661756102348e-05,
        "bandwidth_utilization": 0.0021287919105907396,
        "bottleneck": "memory_bound",
        "compute_time": 3.723404255319149e-09,
        "memory_time": 9.6e-08
      },
      {
        "operator_name": "layernorm_1",
        "latency_seconds": 4.5096e-05,
        "flop_count": 344064,
        "io_bytes": 196608,
        "arithmetic_intensity": 1.75,
        "peak_compute_flops": 92405760000000.0,
        "peak_bandwidth_bytes": 2048000000000.0,
        "compute_utilization": 8.25661756102348e-05,
        "bandwidth_utilization": 0.0021287919105907396,
        "bottleneck": "memory_bound",
        "compute_time": 3.723404255319149e-09,
        "memory_time": 9.6e-08
      },
      {
        "operator_name": "gelu",
        "latency_seconds": 4.5096e-05,
        "flop_count": 2211840,
        "io_bytes": 196608,
        "arithmetic_intensity": 11.25,
        "peak_compute_flops": 92405760000000.0,
        "peak_bandwidth_bytes": 2048000000000.0,
        "compute_utilization": 0.0005307825574943666,
        "bandwidth_utilization": 0.0021287919105907396,
        "bottleneck": "memory_bound",
        "compute_time": 2.3936170212765956e-08,
        "memory_time": 9.6e-08
      },
      {
        "operator_name": "allreduce_mha",
        "latency_seconds": 2.7413199999999994e-05,
        "flop_count": 0,
        "io_bytes": 98304,
        "arithmetic_intensity": 0.0,
        "peak_compute_flops": 92405760000000.0,
        "peak_bandwidth_bytes": 2048000000000.0,
        "compute_utilization": 0.0,
        "bandwidth_utilization": 0.0017509812790918247,
        "bottleneck": "memory_bound",
        "compute_time": 0.0,
        "memory_time": 4.8e-08
      },
      {
        "operator_name": "allreduce_ffn",
        "latency_seconds": 2.7413199999999994e-05,
        "flop_count": 0,
        "io_bytes": 98304,
        "arithmetic_intensity": 0.0,
        "peak_compute_flops": 92405760000000.0,
        "peak_bandwidth_bytes": 2048000000000.0,
        "compute_utilization": 0.0,
        "bandwidth_utilization": 0.0017509812790918247,
        "bottleneck": "memory_bound",
        "compute_time": 0.0,
        "memory_time": 4.8e-08
      }
    ]
  }
}