{
  "task_id": "SZ-01_llama_70b",
  "model_name": "LLaMA-70B",
  "d_model": 8192,
  "n_heads": 64,
  "n_layers": 80,
  "batch_size": 16,
  "seq_len": 1024,
  "phase": "prefill",
  "device_count": 4,
  "config_path": "configs/GA100.json",
  "total_latency_seconds": 0.023726480788652478,
  "dominant_bottleneck": "compute_bound",
  "peak_systolic_flops": 369623040000000.0,
  "peak_vector_flops": 92405760000000.0,
  "peak_hbm_bandwidth": 2048000000000.0,
  "ridge_point_systolic": 180.48,
  "ridge_point_vector": 45.12,
  "layer_report": {
    "layer_index": 0,
    "phase": "prefill",
    "total_latency_seconds": 0.023726480788652478,
    "dominant_bottleneck": "compute_bound",
    "compute_fraction": 0.757554493132245,
    "memory_fraction": 0.24244550686775526,
    "operator_reports": [
      {
        "operator_name": "qkv_proj",
        "latency_seconds": 0.0045250255319148934,
        "flop_count": 1649267441664,
        "io_bytes": 1107296256,
        "arithmetic_intensity": 1489.4545454545455,
        "peak_compute_flops": 369623040000000.0,
        "peak_bandwidth_bytes": 2048000000000.0,
        "compute_utilization": 0.9860774266231953,
        "bandwidth_utilization": 0.11948485067910748,
        "bottleneck": "compute_bound",
        "compute_time": 0.004462025531914894,
        "memory_time": 0.000540672
      },
      {
        "operator_name": "q_mul_k",
        "latency_seconds": 0.0002069177304964539,
        "flop_count": 68719476736,
        "io_bytes": 671088640,
        "arithmetic_intensity": 102.4,
        "peak_compute_flops": 369623040000000.0,
        "peak_bandwidth_bytes": 2048000000000.0,
        "compute_utilization": 0.8985103888892697,
        "bandwidth_utilization": 1.0,
        "bottleneck": "memory_bound",
        "compute_time": 0.0001859177304964539,
        "memory_time": 0.00032768
      },
      {
        "operator_name": "a_mul_v",
        "latency_seconds": 0.0002069177304964539,
        "flop_count": 68719476736,
        "io_bytes": 671088640,
        "arithmetic_intensity": 102.4,
        "peak_compute_flops": 369623040000000.0,
        "peak_bandwidth_bytes": 2048000000000.0,
        "compute_utilization": 0.8985103888892697,
        "bandwidth_utilization": 1.0,
        "bottleneck": "memory_bound",
        "compute_time": 0.0001859177304964539,
        "memory_time": 0.00032768
      },
      {
        "operator_name": "h_matmul0",
        "latency_seconds": 0.0015083418439716311,
        "flop_count": 549755813888,
        "io_bytes": 369098752,
        "arithmetic_intensity": 1489.4545454545455,
        "peak_compute_flops": 369623040000000.0,
        "peak_bandwidth_bytes": 2048000000000.0,
        "compute_utilization": 0.9860774266231953,
        "bandwidth_utilization": 0.11948485067910748,
        "bottleneck": "compute_bound",
        "compute_time": 0.0014873418439716312,
        "memory_time": 0.000180224
      },
      {
        "operator_name": "h_matmul1",
        "latency_seconds": 0.005970367375886525,
        "flop_count": 2199023255552,
        "io_bytes": 671088640,
        "arithmetic_intensity": 3276.8,
        "peak_compute_flops": 369623040000000.0,
        "peak_bandwidth_bytes": 2048000000000.0,
        "compute_utilization": 0.9964826285087889,
        "bandwidth_utilization": 0.05488439477333564,
        "bottleneck": "compute_bound",
        "compute_time": 0.005949367375886525,
        "memory_time": 0.00032768
      },
      {
        "operator_name": "h_matmul2",
        "latency_seconds": 0.005970367375886525,
        "flop_count": 2199023255552,
        "io_bytes": 671088640,
        "arithmetic_intensity": 3276.8,
        "peak_compute_flops": 369623040000000.0,
        "peak_bandwidth_bytes": 2048000000000.0,
        "compute_utilization": 0.9964826285087889,
        "bandwidth_utilization": 0.05488439477333564,
        "bottleneck": "compute_bound",
        "compute_time": 0.005949367375886525,
        "memory_time": 0.00032768
      },
      {
        "operator_name": "softmax",
        "latency_seconds": 0.000798432,
        "flop_count": 30064771072,
        "io_bytes": 1610612736,
        "arithmetic_intensity": 18.666666666666668,
        "peak_compute_flops": 92405760000000.0,
        "peak_bandwidth_bytes": 2048000000000.0,
        "compute_utilization": 0.40749372315838334,
        "bandwidth_utilization": 0.9849705422628352,
        "bottleneck": "memory_bound",
        "compute_time": 0.0003253560283687943,
        "memory_time": 0.000786432
      },
      {
        "operator_name": "layernorm_0",
        "latency_seconds": 0.000307144,
        "flop_count": 939524096,
        "io_bytes": 536870912,
        "arithmetic_intensity": 1.75,
        "peak_compute_flops": 92405760000000.0,
        "peak_bandwidth_bytes": 2048000000000.0,
        "compute_utilization": 0.033102961107899946,
        "bandwidth_utilization": 0.8534889172505404,
        "bottleneck": "memory_bound",
        "compute_time": 1.0167375886524822e-05,
        "memory_time": 0.000262144
      },
      {
        "operator_name": "layernorm_1",
        "latency_seconds": 0.000307144,
        "flop_count": 939524096,
        "io_bytes": 536870912,
        "arithmetic_intensity": 1.75,
        "peak_compute_flops": 92405760000000.0,
        "peak_bandwidth_bytes": 2048000000000.0,
        "compute_utilization": 0.033102961107899946,
        "bandwidth_utilization": 0.8534889172505404,
        "bottleneck": "memory_bound",
        "compute_time": 1.0167375886524822e-05,
        "memory_time": 0.000262144
      },
      {
        "operator_name": "gelu",
        "latency_seconds": 0.000307144,
        "flop_count": 6039797760,
        "io_bytes": 536870912,
        "arithmetic_intensity": 11.25,
        "peak_compute_flops": 92405760000000.0,
        "peak_bandwidth_bytes": 2048000000000.0,
        "compute_utilization": 0.2128047499793568,
        "bandwidth_utilization": 0.8534889172505404,
        "bottleneck": "memory_bound",
        "compute_time": 6.536170212765957e-05,
        "memory_time": 0.000262144
      },
      {
        "operator_name": "allreduce_mha",
        "latency_seconds": 0.0018093395999999999,
        "flop_count": 0,
        "io_bytes": 268435456,
        "arithmetic_intensity": 0.0,
        "peak_compute_flops": 92405760000000.0,
        "peak_bandwidth_bytes": 2048000000000.0,
        "compute_utilization": 0.0,
        "bandwidth_utilization": 0.07244190090130123,
        "bottleneck": "memory_bound",
        "compute_time": 0.0,
        "memory_time": 0.000131072
      },
      {
        "operator_name": "allreduce_ffn",
        "latency_seconds": 0.0018093395999999999,
        "flop_count": 0,
        "io_bytes": 268435456,
        "arithmetic_intensity": 0.0,
        "peak_compute_flops": 92405760000000.0,
        "peak_bandwidth_bytes": 2048000000000.0,
        "compute_utilization": 0.0,
        "bandwidth_utilization": 0.07244190090130123,
        "bottleneck": "memory_bound",
        "compute_time": 0.0,
        "memory_time": 0.000131072
      }
    ]
  }
}