{
  "task_id": "SZ-02_gpt2_small",
  "model_name": "GPT-2 Small (117M)",
  "d_model": 768,
  "n_heads": 12,
  "n_layers": 12,
  "batch_size": 4,
  "seq_len": 512,
  "phase": "decode",
  "device_count": 4,
  "config_path": "configs/GA100.json",
  "total_latency_seconds": 0.000369907446875,
  "dominant_bottleneck": "memory_bound",
  "peak_systolic_flops": 369623040000000.0,
  "peak_vector_flops": 92405760000000.0,
  "peak_hbm_bandwidth": 2048000000000.0,
  "ridge_point_systolic": 180.48,
  "ridge_point_vector": 45.12,
  "layer_report": {
    "layer_index": 0,
    "phase": "decode",
    "total_latency_seconds": 0.000369907446875,
    "dominant_bottleneck": "memory_bound",
    "compute_fraction": 0.0,
    "memory_fraction": 1.0,
    "operator_reports": [
      {
        "operator_name": "qkv_proj",
        "latency_seconds": 6.322162499999999e-05,
        "flop_count": 3538944,
        "io_bytes": 907776,
        "arithmetic_intensity": 3.8984771573604062,
        "peak_compute_flops": 369623040000000.0,
        "peak_bandwidth_bytes": 2048000000000.0,
        "compute_utilization": 0.0001514429293000043,
        "bandwidth_utilization": 0.007011050411943699,
        "bottleneck": "memory_bound",
        "compute_time": 9.574468085106384e-09,
        "memory_time": 4.4325e-07
      },
      {
        "operator_name": "q_mul_k",
        "latency_seconds": 2.1195755859374998e-05,
        "flop_count": 787968,
        "io_bytes": 801816,
        "arithmetic_intensity": 0.9827292047053189,
        "peak_compute_flops": 369623040000000.0,
        "peak_bandwidth_bytes": 2048000000000.0,
        "compute_utilization": 0.0001005774539826828,
        "bandwidth_utilization": 0.018471231757315805,
        "bottleneck": "memory_bound",
        "compute_time": 2.1318151595744682e-09,
        "memory_time": 3.9151171875e-07
      },
      {
        "operator_name": "a_mul_v",
        "latency_seconds": 2.1195755859374998e-05,
        "flop_count": 787968,
        "io_bytes": 801816,
        "arithmetic_intensity": 0.9827292047053189,
        "peak_compute_flops": 369623040000000.0,
        "peak_bandwidth_bytes": 2048000000000.0,
        "compute_utilization": 0.0001005774539826828,
        "bandwidth_utilization": 0.018471231757315805,
        "bottleneck": "memory_bound",
        "compute_time": 2.1318151595744682e-09,
        "memory_time": 3.9151171875e-07
      },
      {
        "operator_name": "h_matmul0",
        "latency_seconds": 2.1073875e-05,
        "flop_count": 1179648,
        "io_bytes": 302592,
        "arithmetic_intensity": 3.8984771573604062,
        "peak_compute_flops": 369623040000000.0,
        "peak_bandwidth_bytes": 2048000000000.0,
        "compute_utilization": 0.00015144292930000428,
        "bandwidth_utilization": 0.007011050411943698,
        "bottleneck": "memory_bound",
        "compute_time": 3.1914893617021278e-09,
        "memory_time": 1.4775e-07
      },
      {
        "operator_name": "h_matmul1",
        "latency_seconds": 2.1291e-05,
        "flop_count": 4718592,
        "io_bytes": 1191936,
        "arithmetic_intensity": 3.9587628865979383,
        "peak_compute_flops": 369623040000000.0,
        "peak_bandwidth_bytes": 2048000000000.0,
        "compute_utilization": 0.0005995940748113527,
        "bandwidth_utilization": 0.02733549387064957,
        "bottleneck": "memory_bound",
        "compute_time": 1.2765957446808511e-08,
        "memory_time": 5.82e-07
      },
      {
        "operator_name": "h_matmul2",
        "latency_seconds": 2.1291e-05,
        "flop_count": 4718592,
        "io_bytes": 1191936,
        "arithmetic_intensity": 3.9587628865979383,
        "peak_compute_flops": 369623040000000.0,
        "peak_bandwidth_bytes": 2048000000000.0,
        "compute_utilization": 0.0005995940748113527,
        "bandwidth_utilization": 0.02733549387064957,
        "bottleneck": "memory_bound",
        "compute_time": 1.2765957446808511e-08,
        "memory_time": 5.82e-07
      },
      {
        "operator_name": "softmax",
        "latency_seconds": 1.2018035156250001e-05,
        "flop_count": 689472,
        "io_bytes": 36936,
        "arithmetic_intensity": 18.666666666666668,
        "peak_compute_flops": 92405760000000.0,
        "peak_bandwidth_bytes": 2048000000000.0,
        "compute_utilization": 0.0006208463331570759,
        "bandwidth_utilization": 0.0015006742795739606,
        "bottleneck": "memory_bound",
        "compute_time": 7.461353058510639e-09,
        "memory_time": 1.803515625e-08
      },
      {
        "operator_name": "layernorm_0",
        "latency_seconds": 4.5006e-05,
        "flop_count": 21504,
        "io_bytes": 12288,
        "arithmetic_intensity": 1.75,
        "peak_compute_flops": 92405760000000.0,
        "peak_bandwidth_bytes": 2048000000000.0,
        "compute_utilization": 5.170705371671483e-06,
        "bandwidth_utilization": 0.0001333155579256099,
        "bottleneck": "memory_bound",
        "compute_time": 2.327127659574468e-10,
        "memory_time": 6e-09
      },
      {
        "operator_name": "layernorm_1",
        "latency_seconds": 4.5006e-05,
        "flop_count": 21504,
        "io_bytes": 12288,
        "arithmetic_intensity": 1.75,
        "peak_compute_flops": 92405760000000.0,
        "peak_bandwidth_bytes": 2048000000000.0,
        "compute_utilization": 5.170705371671483e-06,
        "bandwidth_utilization": 0.0001333155579256099,
        "bottleneck": "memory_bound",
        "compute_time": 2.327127659574468e-10,
        "memory_time": 6e-09
      },
      {
        "operator_name": "gelu",
        "latency_seconds": 4.5006e-05,
        "flop_count": 138240,
        "io_bytes": 12288,
        "arithmetic_intensity": 11.25,
        "peak_compute_flops": 92405760000000.0,
        "peak_bandwidth_bytes": 2048000000000.0,
        "compute_utilization": 3.324024881788811e-05,
        "bandwidth_utilization": 0.0001333155579256099,
        "bottleneck": "memory_bound",
        "compute_time": 1.4960106382978722e-09,
        "memory_time": 6e-09
      },
      {
        "operator_name": "allreduce_mha",
        "latency_seconds": 2.68012e-05,
        "flop_count": 0,
        "io_bytes": 6144,
        "arithmetic_intensity": 0.0,
        "peak_compute_flops": 92405760000000.0,
        "peak_bandwidth_bytes": 2048000000000.0,
        "compute_utilization": 0.0,
        "bandwidth_utilization": 0.00011193528647970986,
        "bottleneck": "memory_bound",
        "compute_time": 0.0,
        "memory_time": 3e-09
      },
      {
        "operator_name": "allreduce_ffn",
        "latency_seconds": 2.68012e-05,
        "flop_count": 0,
        "io_bytes": 6144,
        "arithmetic_intensity": 0.0,
        "peak_compute_flops": 92405760000000.0,
        "peak_bandwidth_bytes": 2048000000000.0,
        "compute_utilization": 0.0,
        "bandwidth_utilization": 0.00011193528647970986,
        "bottleneck": "memory_bound",
        "compute_time": 0.0,
        "memory_time": 3e-09
      }
    ]
  }
}