{
  "task_id": "SZ-02_llama_13b",
  "model_name": "LLaMA-13B",
  "d_model": 5120,
  "n_heads": 40,
  "n_layers": 40,
  "batch_size": 4,
  "seq_len": 512,
  "phase": "decode",
  "device_count": 4,
  "config_path": "configs/GA100.json",
  "total_latency_seconds": 0.00041032495624999997,
  "dominant_bottleneck": "memory_bound",
  "peak_systolic_flops": 369623040000000.0,
  "peak_vector_flops": 92405760000000.0,
  "peak_hbm_bandwidth": 2048000000000.0,
  "ridge_point_systolic": 180.48,
  "ridge_point_vector": 45.12,
  "layer_report": {
    "layer_index": 0,
    "phase": "decode",
    "total_latency_seconds": 0.00041032495624999997,
    "dominant_bottleneck": "memory_bound",
    "compute_fraction": 0.0,
    "memory_fraction": 1.0,
    "operator_reports": [
      {
        "operator_name": "qkv_proj",
        "latency_seconds": 7.26375e-05,
        "flop_count": 157286400,
        "io_bytes": 39475200,
        "arithmetic_intensity": 3.9844357976653697,
        "peak_compute_flops": 369623040000000.0,
        "peak_bandwidth_bytes": 2048000000000.0,
        "compute_utilization": 0.005858295162878913,
        "bandwidth_utilization": 0.26535880227155395,
        "bottleneck": "memory_bound",
        "compute_time": 4.2553191489361704e-07,
        "memory_time": 1.9275e-05
      },
      {
        "operator_name": "q_mul_k",
        "latency_seconds": 2.229501953125e-05,
        "flop_count": 5253120,
        "io_bytes": 5304400,
        "arithmetic_intensity": 0.9903325541060252,
        "peak_compute_flops": 369623040000000.0,
        "peak_bandwidth_bytes": 2048000000000.0,
        "compute_utilization": 0.0006374563181660046,
        "bandwidth_utilization": 0.11617119504513779,
        "bottleneck": "memory_bound",
        "compute_time": 1.4212101063829787e-08,
        "memory_time": 2.5900390625e-06
      },
      {
        "operator_name": "a_mul_v",
        "latency_seconds": 2.229501953125e-05,
        "flop_count": 5253120,
        "io_bytes": 5304400,
        "arithmetic_intensity": 0.9903325541060252,
        "peak_compute_flops": 369623040000000.0,
        "peak_bandwidth_bytes": 2048000000000.0,
        "compute_utilization": 0.0006374563181660046,
        "bandwidth_utilization": 0.11617119504513779,
        "bottleneck": "memory_bound",
        "compute_time": 1.4212101063829787e-08,
        "memory_time": 2.5900390625e-06
      },
      {
        "operator_name": "h_matmul0",
        "latency_seconds": 2.42125e-05,
        "flop_count": 52428800,
        "io_bytes": 13158400,
        "arithmetic_intensity": 3.9844357976653697,
        "peak_compute_flops": 369623040000000.0,
        "peak_bandwidth_bytes": 2048000000000.0,
        "compute_utilization": 0.005858295162878913,
        "bandwidth_utilization": 0.26535880227155395,
        "bottleneck": "memory_bound",
        "compute_time": 1.4184397163120568e-07,
        "memory_time": 6.425e-06
      },
      {
        "operator_name": "h_matmul1",
        "latency_seconds": 3.382e-05,
        "flop_count": 209715200,
        "io_bytes": 52510720,
        "arithmetic_intensity": 3.9937597503900157,
        "peak_compute_flops": 369623040000000.0,
        "peak_bandwidth_bytes": 2048000000000.0,
        "compute_utilization": 0.016776342002508066,
        "bandwidth_utilization": 0.7581312832643406,
        "bottleneck": "memory_bound",
        "compute_time": 5.673758865248227e-07,
        "memory_time": 2.564e-05
      },
      {
        "operator_name": "h_matmul2",
        "latency_seconds": 3.382e-05,
        "flop_count": 209715200,
        "io_bytes": 52510720,
        "arithmetic_intensity": 3.9937597503900157,
        "peak_compute_flops": 369623040000000.0,
        "peak_bandwidth_bytes": 2048000000000.0,
        "compute_utilization": 0.016776342002508066,
        "bandwidth_utilization": 0.7581312832643406,
        "bottleneck": "memory_bound",
        "compute_time": 5.673758865248227e-07,
        "memory_time": 2.564e-05
      },
      {
        "operator_name": "softmax",
        "latency_seconds": 1.20601171875e-05,
        "flop_count": 2298240,
        "io_bytes": 123120,
        "arithmetic_intensity": 18.666666666666668,
        "peak_compute_flops": 92405760000000.0,
        "peak_bandwidth_bytes": 2048000000000.0,
        "compute_utilization": 0.002062266599488806,
        "bandwidth_utilization": 0.004984792980478657,
        "bottleneck": "memory_bound",
        "compute_time": 2.4871176861702127e-08,
        "memory_time": 6.01171875e-08
      },
      {
        "operator_name": "layernorm_0",
        "latency_seconds": 4.504e-05,
        "flop_count": 143360,
        "io_bytes": 81920,
        "arithmetic_intensity": 1.75,
        "peak_compute_flops": 92405760000000.0,
        "peak_bandwidth_bytes": 2048000000000.0,
        "compute_utilization": 3.444534724059307e-05,
        "bandwidth_utilization": 0.0008880994671403196,
        "bottleneck": "memory_bound",
        "compute_time": 1.551418439716312e-09,
        "memory_time": 4e-08
      },
      {
        "operator_name": "layernorm_1",
        "latency_seconds": 4.504e-05,
        "flop_count": 143360,
        "io_bytes": 81920,
        "arithmetic_intensity": 1.75,
        "peak_compute_flops": 92405760000000.0,
        "peak_bandwidth_bytes": 2048000000000.0,
        "compute_utilization": 3.444534724059307e-05,
        "bandwidth_utilization": 0.0008880994671403196,
        "bottleneck": "memory_bound",
        "compute_time": 1.551418439716312e-09,
        "memory_time": 4e-08
      },
      {
        "operator_name": "gelu",
        "latency_seconds": 4.504e-05,
        "flop_count": 921600,
        "io_bytes": 81920,
        "arithmetic_intensity": 11.25,
        "peak_compute_flops": 92405760000000.0,
        "peak_bandwidth_bytes": 2048000000000.0,
        "compute_utilization": 0.00022143437511809832,
        "bandwidth_utilization": 0.0008880994671403196,
        "bottleneck": "memory_bound",
        "compute_time": 9.973404255319149e-09,
        "memory_time": 4e-08
      },
      {
        "operator_name": "allreduce_mha",
        "latency_seconds": 2.7032399999999995e-05,
        "flop_count": 0,
        "io_bytes": 40960,
        "arithmetic_intensity": 0.0,
        "peak_compute_flops": 92405760000000.0,
        "peak_bandwidth_bytes": 2048000000000.0,
        "compute_utilization": 0.0,
        "bandwidth_utilization": 0.0007398529172400528,
        "bottleneck": "memory_bound",
        "compute_time": 0.0,
        "memory_time": 2e-08
      },
      {
        "operator_name": "allreduce_ffn",
        "latency_seconds": 2.7032399999999995e-05,
        "flop_count": 0,
        "io_bytes": 40960,
        "arithmetic_intensity": 0.0,
        "peak_compute_flops": 92405760000000.0,
        "peak_bandwidth_bytes": 2048000000000.0,
        "compute_utilization": 0.0,
        "bandwidth_utilization": 0.0007398529172400528,
        "bottleneck": "memory_bound",
        "compute_time": 0.0,
        "memory_time": 2e-08
      }
    ]
  }
}