{
  "task_id": "SZ-01_llama_7b",
  "model_name": "LLaMA-7B",
  "d_model": 4096,
  "n_heads": 32,
  "n_layers": 32,
  "batch_size": 16,
  "seq_len": 1024,
  "phase": "prefill",
  "device_count": 4,
  "config_path": "configs/GA100.json",
  "total_latency_seconds": 0.007585475262411348,
  "dominant_bottleneck": "compute_bound",
  "peak_systolic_flops": 369623040000000.0,
  "peak_vector_flops": 92405760000000.0,
  "peak_hbm_bandwidth": 2048000000000.0,
  "ridge_point_systolic": 180.48,
  "ridge_point_vector": 45.12,
  "layer_report": {
    "layer_index": 0,
    "phase": "prefill",
    "total_latency_seconds": 0.007585475262411348,
    "dominant_bottleneck": "compute_bound",
    "compute_fraction": 0.6048435164834228,
    "memory_fraction": 0.39515648351657723,
    "operator_reports": [
      {
        "operator_name": "qkv_proj",
        "latency_seconds": 0.0011785063829787236,
        "flop_count": 412316860416,
        "io_bytes": 528482304,
        "arithmetic_intensity": 780.1904761904761,
        "peak_compute_flops": 369623040000000.0,
        "peak_bandwidth_bytes": 2048000000000.0,
        "compute_utilization": 0.9465425042155775,
        "bandwidth_utilization": 0.21896190273299412,
        "bottleneck": "compute_bound",
        "compute_time": 0.0011155063829787234,
        "memory_time": 0.000258048
      },
      {
        "operator_name": "q_mul_k",
        "latency_seconds": 0.00011395886524822694,
        "flop_count": 34359738368,
        "io_bytes": 335544320,
        "arithmetic_intensity": 102.4,
        "peak_compute_flops": 369623040000000.0,
        "peak_bandwidth_bytes": 2048000000000.0,
        "compute_utilization": 0.815722980794364,
        "bandwidth_utilization": 1.0,
        "bottleneck": "memory_bound",
        "compute_time": 9.295886524822695e-05,
        "memory_time": 0.00016384
      },
      {
        "operator_name": "a_mul_v",
        "latency_seconds": 0.00011395886524822694,
        "flop_count": 34359738368,
        "io_bytes": 335544320,
        "arithmetic_intensity": 102.4,
        "peak_compute_flops": 369623040000000.0,
        "peak_bandwidth_bytes": 2048000000000.0,
        "compute_utilization": 0.815722980794364,
        "bandwidth_utilization": 1.0,
        "bottleneck": "memory_bound",
        "compute_time": 9.295886524822695e-05,
        "memory_time": 0.00016384
      },
      {
        "operator_name": "h_matmul0",
        "latency_seconds": 0.0003928354609929078,
        "flop_count": 137438953472,
        "io_bytes": 176160768,
        "arithmetic_intensity": 780.1904761904761,
        "peak_compute_flops": 369623040000000.0,
        "peak_bandwidth_bytes": 2048000000000.0,
        "compute_utilization": 0.9465425042155775,
        "bandwidth_utilization": 0.21896190273299415,
        "bottleneck": "compute_bound",
        "compute_time": 0.0003718354609929078,
        "memory_time": 8.6016e-05
      },
      {
        "operator_name": "h_matmul1",
        "latency_seconds": 0.0015083418439716311,
        "flop_count": 549755813888,
        "io_bytes": 301989888,
        "arithmetic_intensity": 1820.4444444444443,
        "peak_compute_flops": 369623040000000.0,
        "peak_bandwidth_bytes": 2048000000000.0,
        "compute_utilization": 0.9860774266231953,
        "bandwidth_utilization": 0.09776033237381522,
        "bottleneck": "compute_bound",
        "compute_time": 0.0014873418439716312,
        "memory_time": 0.000147456
      },
      {
        "operator_name": "h_matmul2",
        "latency_seconds": 0.0015083418439716311,
        "flop_count": 549755813888,
        "io_bytes": 301989888,
        "arithmetic_intensity": 1820.4444444444443,
        "peak_compute_flops": 369623040000000.0,
        "peak_bandwidth_bytes": 2048000000000.0,
        "compute_utilization": 0.9860774266231953,
        "bandwidth_utilization": 0.09776033237381522,
        "bottleneck": "compute_bound",
        "compute_time": 0.0014873418439716312,
        "memory_time": 0.000147456
      },
      {
        "operator_name": "softmax",
        "latency_seconds": 0.000405216,
        "flop_count": 15032385536,
        "io_bytes": 805306368,
        "arithmetic_intensity": 18.666666666666668,
        "peak_compute_flops": 92405760000000.0,
        "peak_bandwidth_bytes": 2048000000000.0,
        "compute_utilization": 0.4014599970988242,
        "bandwidth_utilization": 0.9703861644160151,
        "bottleneck": "memory_bound",
        "compute_time": 0.00016267801418439715,
        "memory_time": 0.000393216
      },
      {
        "operator_name": "layernorm_0",
        "latency_seconds": 0.00017607200000000002,
        "flop_count": 469762048,
        "io_bytes": 268435456,
        "arithmetic_intensity": 1.75,
        "peak_compute_flops": 92405760000000.0,
        "peak_bandwidth_bytes": 2048000000000.0,
        "compute_utilization": 0.028872778995311068,
        "bandwidth_utilization": 0.7444227361533917,
        "bottleneck": "memory_bound",
        "compute_time": 5.083687943262411e-06,
        "memory_time": 0.000131072
      },
      {
        "operator_name": "layernorm_1",
        "latency_seconds": 0.00017607200000000002,
        "flop_count": 469762048,
        "io_bytes": 268435456,
        "arithmetic_intensity": 1.75,
        "peak_compute_flops": 92405760000000.0,
        "peak_bandwidth_bytes": 2048000000000.0,
        "compute_utilization": 0.028872778995311068,
        "bandwidth_utilization": 0.7444227361533917,
        "bottleneck": "memory_bound",
        "compute_time": 5.083687943262411e-06,
        "memory_time": 0.000131072
      },
      {
        "operator_name": "gelu",
        "latency_seconds": 0.00017607200000000002,
        "flop_count": 3019898880,
        "io_bytes": 268435456,
        "arithmetic_intensity": 11.25,
        "peak_compute_flops": 92405760000000.0,
        "peak_bandwidth_bytes": 2048000000000.0,
        "compute_utilization": 0.18561072211271404,
        "bandwidth_utilization": 0.7444227361533917,
        "bottleneck": "memory_bound",
        "compute_time": 3.268085106382979e-05,
        "memory_time": 0.000131072
      },
      {
        "operator_name": "allreduce_mha",
        "latency_seconds": 0.0009180500000000001,
        "flop_count": 0,
        "io_bytes": 134217728,
        "arithmetic_intensity": 0.0,
        "peak_compute_flops": 92405760000000.0,
        "peak_bandwidth_bytes": 2048000000000.0,
        "compute_utilization": 0.0,
        "bandwidth_utilization": 0.07138609008223952,
        "bottleneck": "memory_bound",
        "compute_time": 0.0,
        "memory_time": 6.5536e-05
      },
      {
        "operator_name": "allreduce_ffn",
        "latency_seconds": 0.0009180500000000001,
        "flop_count": 0,
        "io_bytes": 134217728,
        "arithmetic_intensity": 0.0,
        "peak_compute_flops": 92405760000000.0,
        "peak_bandwidth_bytes": 2048000000000.0,
        "compute_utilization": 0.0,
        "bandwidth_utilization": 0.07138609008223952,
        "bottleneck": "memory_bound",
        "compute_time": 0.0,
        "memory_time": 6.5536e-05
      }
    ]
  }
}