{
  "task_id": "SZ-02_llama_7b",
  "model_name": "LLaMA-7B",
  "d_model": 4096,
  "n_heads": 32,
  "n_layers": 32,
  "batch_size": 4,
  "seq_len": 512,
  "phase": "decode",
  "device_count": 4,
  "config_path": "configs/GA100.json",
  "total_latency_seconds": 0.00039582012500000006,
  "dominant_bottleneck": "memory_bound",
  "peak_systolic_flops": 369623040000000.0,
  "peak_vector_flops": 92405760000000.0,
  "peak_hbm_bandwidth": 2048000000000.0,
  "ridge_point_systolic": 180.48,
  "ridge_point_vector": 45.12,
  "layer_report": {
    "layer_index": 0,
    "phase": "decode",
    "total_latency_seconds": 0.00039582012500000006,
    "dominant_bottleneck": "memory_bound",
    "compute_fraction": 0.0,
    "memory_fraction": 0.9999999999999999,
    "operator_reports": [
      {
        "operator_name": "qkv_proj",
        "latency_seconds": 6.9174e-05,
        "flop_count": 100663296,
        "io_bytes": 25288704,
        "arithmetic_intensity": 3.9805636540330416,
        "peak_compute_flops": 369623040000000.0,
        "peak_bandwidth_bytes": 2048000000000.0,
        "compute_utilization": 0.003937034514874301,
        "bandwidth_utilization": 0.1785063752276867,
        "bottleneck": "memory_bound",
        "compute_time": 2.723404255319149e-07,
        "memory_time": 1.2348e-05
      },
      {
        "operator_name": "q_mul_k",
        "latency_seconds": 2.2036015625e-05,
        "flop_count": 4202496,
        "io_bytes": 4243520,
        "arithmetic_intensity": 0.9903325541060252,
        "peak_compute_flops": 369623040000000.0,
        "peak_bandwidth_bytes": 2048000000000.0,
        "compute_utilization": 0.0005159590120350458,
        "bandwidth_utilization": 0.09402930571755755,
        "bottleneck": "memory_bound",
        "compute_time": 1.136968085106383e-08,
        "memory_time": 2.07203125e-06
      },
      {
        "operator_name": "a_mul_v",
        "latency_seconds": 2.2036015625e-05,
        "flop_count": 4202496,
        "io_bytes": 4243520,
        "arithmetic_intensity": 0.9903325541060252,
        "peak_compute_flops": 369623040000000.0,
        "peak_bandwidth_bytes": 2048000000000.0,
        "compute_utilization": 0.0005159590120350458,
        "bandwidth_utilization": 0.09402930571755755,
        "bottleneck": "memory_bound",
        "compute_time": 1.136968085106383e-08,
        "memory_time": 2.07203125e-06
      },
      {
        "operator_name": "h_matmul0",
        "latency_seconds": 2.3058e-05,
        "flop_count": 33554432,
        "io_bytes": 8429568,
        "arithmetic_intensity": 3.9805636540330416,
        "peak_compute_flops": 369623040000000.0,
        "peak_bandwidth_bytes": 2048000000000.0,
        "compute_utilization": 0.003937034514874301,
        "bandwidth_utilization": 0.17850637522768673,
        "bottleneck": "memory_bound",
        "compute_time": 9.078014184397163e-08,
        "memory_time": 4.116e-06
      },
      {
        "operator_name": "h_matmul1",
        "latency_seconds": 2.9208e-05,
        "flop_count": 134217728,
        "io_bytes": 33619968,
        "arithmetic_intensity": 3.992202729044834,
        "peak_compute_flops": 369623040000000.0,
        "peak_bandwidth_bytes": 2048000000000.0,
        "compute_utilization": 0.012432229778686885,
        "bandwidth_utilization": 0.5620377978635991,
        "bottleneck": "memory_bound",
        "compute_time": 3.631205673758865e-07,
        "memory_time": 1.6416e-05
      },
      {
        "operator_name": "h_matmul2",
        "latency_seconds": 2.9208e-05,
        "flop_count": 134217728,
        "io_bytes": 33619968,
        "arithmetic_intensity": 3.992202729044834,
        "peak_compute_flops": 369623040000000.0,
        "peak_bandwidth_bytes": 2048000000000.0,
        "compute_utilization": 0.012432229778686885,
        "bandwidth_utilization": 0.5620377978635991,
        "bottleneck": "memory_bound",
        "compute_time": 3.631205673758865e-07,
        "memory_time": 1.6416e-05
      },
      {
        "operator_name": "softmax",
        "latency_seconds": 1.204809375e-05,
        "flop_count": 1838592,
        "io_bytes": 98496,
        "arithmetic_intensity": 18.666666666666668,
        "peak_compute_flops": 92405760000000.0,
        "peak_bandwidth_bytes": 2048000000000.0,
        "compute_utilization": 0.0016514597165515666,
        "bandwidth_utilization": 0.003991814057721787,
        "bottleneck": "memory_bound",
        "compute_time": 1.9896941489361702e-08,
        "memory_time": 4.809375e-08
      },
      {
        "operator_name": "layernorm_0",
        "latency_seconds": 4.5032000000000005e-05,
        "flop_count": 114688,
        "io_bytes": 65536,
        "arithmetic_intensity": 1.75,
        "peak_compute_flops": 92405760000000.0,
        "peak_bandwidth_bytes": 2048000000000.0,
        "compute_utilization": 2.75611732051219e-05,
        "bandwidth_utilization": 0.0007106057914372002,
        "bottleneck": "memory_bound",
        "compute_time": 1.2411347517730495e-09,
        "memory_time": 3.2e-08
      },
      {
        "operator_name": "layernorm_1",
        "latency_seconds": 4.5032000000000005e-05,
        "flop_count": 114688,
        "io_bytes": 65536,
        "arithmetic_intensity": 1.75,
        "peak_compute_flops": 92405760000000.0,
        "peak_bandwidth_bytes": 2048000000000.0,
        "compute_utilization": 2.75611732051219e-05,
        "bandwidth_utilization": 0.0007106057914372002,
        "bottleneck": "memory_bound",
        "compute_time": 1.2411347517730495e-09,
        "memory_time": 3.2e-08
      },
      {
        "operator_name": "gelu",
        "latency_seconds": 4.5032000000000005e-05,
        "flop_count": 737280,
        "io_bytes": 65536,
        "arithmetic_intensity": 11.25,
        "peak_compute_flops": 92405760000000.0,
        "peak_bandwidth_bytes": 2048000000000.0,
        "compute_utilization": 0.00017717897060435508,
        "bandwidth_utilization": 0.0007106057914372002,
        "bottleneck": "memory_bound",
        "compute_time": 7.97872340425532e-09,
        "memory_time": 3.2e-08
      },
      {
        "operator_name": "allreduce_mha",
        "latency_seconds": 2.6978e-05,
        "flop_count": 0,
        "io_bytes": 32768,
        "arithmetic_intensity": 0.0,
        "peak_compute_flops": 92405760000000.0,
        "peak_bandwidth_bytes": 2048000000000.0,
        "compute_utilization": 0.0,
        "bandwidth_utilization": 0.0005930758395729854,
        "bottleneck": "memory_bound",
        "compute_time": 0.0,
        "memory_time": 1.6e-08
      },
      {
        "operator_name": "allreduce_ffn",
        "latency_seconds": 2.6978e-05,
        "flop_count": 0,
        "io_bytes": 32768,
        "arithmetic_intensity": 0.0,
        "peak_compute_flops": 92405760000000.0,
        "peak_bandwidth_bytes": 2048000000000.0,
        "compute_utilization": 0.0,
        "bandwidth_utilization": 0.0005930758395729854,
        "bottleneck": "memory_bound",
        "compute_time": 0.0,
        "memory_time": 1.6e-08
      }
    ]
  }
}